Objective,Arch,Prompt,Model,Scenario,Seed,Run,llm_calls,json_generation_failures,llm_missing_or_invalid_actions,charging_station_utilization_rate,elapsed_seconds,steps to first delivery,total deliveries,total steps,deliveries_per_1000_steps,llm_calls_per_1000_steps,llm_calls_per_delivery,invalid_action_rate,json_failure_rate,summary_json_path
Calls,Centralized,Json,llama 1b (3.2),tiny_balanced_1v1,0,session_20260422_220055,478,1,2,0,3012.43036747,,0,500,0,956,,0.00418410041841,0.00209205020921,Battery-TA-RWARE/results/calls/centralized/json/session_20260422_220055/llama3.2_1b/tiny_balanced_1v1/json/summary.json
Calls,Centralized,Json,llama 1b (3.2),tiny_balanced_1v1,0,valid_session1/session1,478,1,2,0,3012.43036747,,0,500,0,956,,0.00418410041841,0.00209205020921,Battery-TA-RWARE/results/calls/centralized/json/valid_session1/llama3.2_1b/session1/tiny_balanced_1v1/json/summary.json
Calls,Centralized,Json,llama 1b (3.2),small_balanced_2v2,0,session_20260422_155053,491,0,344,0,2221.95954347,,0,500,0,982,,0.700610997963,0,Battery-TA-RWARE/results/calls/centralized/json/session_20260422_155053/llama3.2_1b/small_balanced_2v2/json/summary.json
Calls,Centralized,Json,llama 1b (3.2),small_balanced_2v2,0,session_20260422_220055,491,0,0,0,2611.15336275,,0,500,0,982,,0,0,Battery-TA-RWARE/results/calls/centralized/json/session_20260422_220055/llama3.2_1b/small_balanced_2v2/json/summary.json
Calls,Centralized,Json,llama 1b (3.2),small_balanced_2v2,0,valid_session1/session1,491,0,0,0,2611.15336275,,0,500,0,982,,0,0,Battery-TA-RWARE/results/calls/centralized/json/valid_session1/llama3.2_1b/session1/small_balanced_2v2/json/summary.json
Calls,Centralized,Json,llama 1b (3.2),small_agv_heavy_4v2,0,session_20260422_083558,492,0,5,0,2684.81530523,,0,500,0,984,,0.010162601626,0,Battery-TA-RWARE/results/calls/centralized/json/session_20260422_083558/llama3.2_1b/small_agv_heavy_4v2/json/summary.json
Calls,Centralized,Json,llama 1b (3.2),small_agv_heavy_4v2,0,session_20260422_155053,146,0,234,0,6942.65383267,,0,500,0,292,,1.60273972603,0,Battery-TA-RWARE/results/calls/centralized/json/session_20260422_155053/llama3.2_1b/small_agv_heavy_4v2/json/summary.json
Calls,Centralized,Json,llama 1b (3.2),small_agv_heavy_4v2,0,session_20260422_220055,203,0,192,0,8901.39995742,,0,500,0,406,,0.945812807882,0,Battery-TA-RWARE/results/calls/centralized/json/session_20260422_220055/llama3.2_1b/small_agv_heavy_4v2/json/summary.json
Calls,Centralized,Json,llama 1b (3.2),small_agv_heavy_4v2,0,session_cps_20260428,432,47,132,0,5463.45343399,,0,500,0,864,,0.305555555556,0.108796296296,Battery-TA-RWARE/results/calls/centralized/json/session_cps_20260428/llama3.2_1b/small_agv_heavy_4v2/json/summary.json
Calls,Centralized,Json,llama 1b (3.2),small_agv_heavy_4v2,0,valid_session1/session1,203,0,192,0,8901.39995742,,0,500,0,406,,0.945812807882,0,Battery-TA-RWARE/results/calls/centralized/json/valid_session1/llama3.2_1b/session1/small_agv_heavy_4v2/json/summary.json
Calls,Centralized,Json,llama 1b (3.2),small_agv_heavy_4v2,0,valid_session1/session1/small_agv_heavy_4v2-run2,432,47,132,0,5463.45343399,,0,500,0,864,,0.305555555556,0.108796296296,Battery-TA-RWARE/results/calls/centralized/json/valid_session1/llama3.2_1b/session1/small_agv_heavy_4v2-run2/json/summary.json
Calls,Centralized,Json,llama 1b (3.2),medium_balanced_4v4,0,session_20260422_083558,491,0,1,0.00125,4354.24140263,,0,500,0,982,,0.0020366598778,0,Battery-TA-RWARE/results/calls/centralized/json/session_20260422_083558/llama3.2_1b/medium_balanced_4v4/json/summary.json
Calls,Centralized,Json,llama 1b (3.2),medium_agv_heavy_6v2,0,session_20260422_083558,342,0,167,0.003,1360.29159045,,0,500,0,684,,0.488304093567,0,Battery-TA-RWARE/results/calls/centralized/json/session_20260422_083558/llama3.2_1b/medium_agv_heavy_6v2/json/summary.json
Calls,Centralized,Json,llama 1b (3.2),medium_agv_heavy_6v2,0,valid_session1/session1,342,0,167,0.003,1360.29159045,,0,500,0,684,,0.488304093567,0,Battery-TA-RWARE/results/calls/centralized/json/valid_session1/llama3.2_1b/session1/medium_agv_heavy_6v2/json/summary.json
Calls,Centralized,Json,gemma 12b,tiny_balanced_1v1,0,session_cps_gemma,802,0,0,0.177267002519,12874.5812809,48,9,1588,5.66750629723,505.037783375,89.1111111111,0,0,Battery-TA-RWARE/results/calls/centralized/json/session_cps_gemma/gemma3_12b/tiny_balanced_1v1/json/summary.json
Calls,Centralized,Json,gemma 12b,tiny_balanced_1v1,0,valid_session1,802,0,0,0.177267002519,12874.5812809,48,9,1588,5.66750629723,505.037783375,89.1111111111,0,0,Battery-TA-RWARE/results/calls/centralized/json/valid_session1/gemma3_12b/tiny_balanced_1v1/json/summary.json
Calls,Centralized,Json,gemma 12b,small_picker_heavy_2v4,0,session_cps_gemma,945,3,45,0.187240970989,27042.8690436,99,3,1126,2.66429840142,839.253996448,315,0.047619047619,0.0031746031746,Battery-TA-RWARE/results/calls/centralized/json/session_cps_gemma/gemma3_12b/small_picker_heavy_2v4/json/summary.json
Calls,Centralized,Json,gemma 12b,small_picker_heavy_2v4,0,valid_session1,945,3,45,0.187240970989,27042.8690436,99,3,1126,2.66429840142,839.253996448,315,0.047619047619,0.0031746031746,Battery-TA-RWARE/results/calls/centralized/json/valid_session1/gemma3_12b/small_picker_heavy_2v4/json/summary.json
Calls,Centralized,Json,gemma 12b,small_balanced_2v2,0,session_cps_gemma,143,0,0,0.0995,2732.91641235,,0,500,0,286,,0,0,Battery-TA-RWARE/results/calls/centralized/json/session_cps_gemma/gemma3_12b/small_balanced_2v2/json/summary.json
Calls,Centralized,Json,gemma 12b,small_balanced_2v2,0,valid_session1,143,0,0,0.0995,2732.91641235,,0,500,0,286,,0,0,Battery-TA-RWARE/results/calls/centralized/json/valid_session1/gemma3_12b/small_balanced_2v2/json/summary.json
Calls,Centralized,Json,gemma 12b,small_agv_heavy_4v2,0,session_cps_gemma,634,0,6,0.097975708502,14183.5999446,45,8,1235,6.47773279352,513.360323887,79.25,0.00946372239748,0,Battery-TA-RWARE/results/calls/centralized/json/session_cps_gemma/gemma3_12b/small_agv_heavy_4v2/json/summary.json
Calls,Centralized,Json,gemma 12b,small_agv_heavy_4v2,0,valid_session1,634,0,6,0.097975708502,14183.5999446,45,8,1235,6.47773279352,513.360323887,79.25,0.00946372239748,0,Battery-TA-RWARE/results/calls/centralized/json/valid_session1/gemma3_12b/small_agv_heavy_4v2/json/summary.json
Calls,Centralized,Json,gemma 12b,medium_balanced_4v4,0,session_cps_gemma,1327,1,67,0.134952004517,43527.3778443,209,8,1771,4.51722190853,749.294184077,165.875,0.0504898266767,0.000753579502638,Battery-TA-RWARE/results/calls/centralized/json/session_cps_gemma/gemma3_12b/medium_balanced_4v4/json/summary.json
Calls,Centralized,Json,gemma 12b,medium_balanced_4v4,0,valid_session1,1327,1,67,0.134952004517,43527.3778443,209,8,1771,4.51722190853,749.294184077,165.875,0.0504898266767,0.000753579502638,Battery-TA-RWARE/results/calls/centralized/json/valid_session1/gemma3_12b/medium_balanced_4v4/json/summary.json
Calls,Centralized,Json,gemma 12b,medium_agv_heavy_6v2,0,session_cps_gemma,1035,1,45,0.135957446809,26016.9079466,190,3,1175,2.55319148936,880.85106383,345,0.0434782608696,0.000966183574879,Battery-TA-RWARE/results/calls/centralized/json/session_cps_gemma/gemma3_12b/medium_agv_heavy_6v2/json/summary.json
Calls,Centralized,Json,gemma 12b,medium_agv_heavy_6v2,0,valid_session1,1035,1,45,0.135957446809,26016.9079466,190,3,1175,2.55319148936,880.85106383,345,0.0434782608696,0.000966183574879,Battery-TA-RWARE/results/calls/centralized/json/valid_session1/gemma3_12b/medium_agv_heavy_6v2/json/summary.json
Calls,Centralized,Natural,llama 1b (3.2),tiny_balanced_1v1,0,session_20260423_075701,345,NA,6,0,1428.01573396,,0,500,0,690,,0.0173913043478,NA,Battery-TA-RWARE/results/calls/centralized/natural/session_20260423_075701/llama3.2_1b/tiny_balanced_1v1/language/summary.json
Calls,Centralized,Natural,llama 1b (3.2),tiny_balanced_1v1,0,session_20260423_193725,193,NA,0,0.057,2161.73289919,,0,500,0,386,,0,NA,Battery-TA-RWARE/results/calls/centralized/natural/session_20260423_193725/llama3.2_1b/tiny_balanced_1v1/language/summary.json
Calls,Centralized,Natural,llama 1b (3.2),small_picker_heavy_2v4,0,session_20260423_193725,443,NA,161,0.124333333333,5438.21912503,,0,500,0,886,,0.363431151242,NA,Battery-TA-RWARE/results/calls/centralized/natural/session_20260423_193725/llama3.2_1b/small_picker_heavy_2v4/language/summary.json
Calls,Centralized,Natural,llama 1b (3.2),small_balanced_2v2,0,session_20260423_075701,322,NA,163,0.081,3193.52960777,,0,500,0,644,,0.506211180124,NA,Battery-TA-RWARE/results/calls/centralized/natural/session_20260423_075701/llama3.2_1b/small_balanced_2v2/language/summary.json
Calls,Centralized,Natural,llama 1b (3.2),small_balanced_2v2,0,session_20260423_193725,425,NA,138,0.1855,4883.98770428,,0,500,0,850,,0.324705882353,NA,Battery-TA-RWARE/results/calls/centralized/natural/session_20260423_193725/llama3.2_1b/small_balanced_2v2/language/summary.json
Calls,Centralized,Natural,llama 1b (3.2),small_agv_heavy_4v2,0,session_20260423_075701,351,NA,230,0.138333333333,4407.68746781,,0,500,0,702,,0.655270655271,NA,Battery-TA-RWARE/results/calls/centralized/natural/session_20260423_075701/llama3.2_1b/small_agv_heavy_4v2/language/summary.json
Calls,Centralized,Natural,llama 1b (3.2),small_agv_heavy_4v2,0,session_20260423_193725,435,NA,234,0.061,5263.38366461,,0,500,0,870,,0.537931034483,NA,Battery-TA-RWARE/results/calls/centralized/natural/session_20260423_193725/llama3.2_1b/small_agv_heavy_4v2/language/summary.json
Calls,Centralized,Natural,llama 1b (3.2),medium_balanced_4v4,0,session_20260423_075701,569,NA,632,0.122108843537,11386.0203173,235,1,735,1.36054421769,774.149659864,569,1.11072056239,NA,Battery-TA-RWARE/results/calls/centralized/natural/session_20260423_075701/llama3.2_1b/medium_balanced_4v4/language/summary.json
Calls,Centralized,Natural,llama 1b (3.2),medium_balanced_4v4,0,session_20260423_193725,680,NA,474,0.124830852503,9811.22831321,239,1,739,1.35317997294,920.162381597,680,0.697058823529,NA,Battery-TA-RWARE/results/calls/centralized/natural/session_20260423_193725/llama3.2_1b/medium_balanced_4v4/language/summary.json
Calls,Centralized,Natural,llama 1b (3.2),medium_agv_heavy_6v2,0,session_20260423_193725,438,NA,346,0.06125,5798.71483159,,0,500,0,876,,0.7899543379,NA,Battery-TA-RWARE/results/calls/centralized/natural/session_20260423_193725/llama3.2_1b/medium_agv_heavy_6v2/language/summary.json
Calls,Centralized,Natural,llama 3b (3.2),tiny_balanced_1v1,0,session_20260423_193725,491,NA,45,0.121274409044,5081.87369585,473,1,973,1.02774922919,504.624871531,491,0.091649694501,NA,Battery-TA-RWARE/results/calls/centralized/natural/session_20260423_193725/llama3.2_3b/tiny_balanced_1v1/language/summary.json
Calls,Centralized,Natural,llama 3b (3.2),small_picker_heavy_2v4,0,session_20260423_193725,1358,NA,651,0.235244161359,19751.9443719,67,4,1570,2.54777070064,864.968152866,339.5,0.479381443299,NA,Battery-TA-RWARE/results/calls/centralized/natural/session_20260423_193725/llama3.2_3b/small_picker_heavy_2v4/language/summary.json
Calls,Centralized,Natural,llama 3b (3.2),small_balanced_2v2,0,session_20260423_193725,574,NA,387,0.165322580645,5611.67533207,306,1,806,1.24069478908,712.158808933,574,0.674216027875,NA,Battery-TA-RWARE/results/calls/centralized/natural/session_20260423_193725/llama3.2_3b/small_balanced_2v2/language/summary.json
Calls,Centralized,Natural,llama 3b (3.2),small_agv_heavy_4v2,0,session_20260423_193725,2457,NA,580,0.157044242234,27384.2953832,411,18,3187,5.64794477565,770.944461876,136.5,0.23606023606,NA,Battery-TA-RWARE/results/calls/centralized/natural/session_20260423_193725/llama3.2_3b/small_agv_heavy_4v2/language/summary.json
Calls,Centralized,Natural,llama 3b (3.2),medium_balanced_4v4,0,session_20260423_193725,3292,NA,1193,0.180948098664,49822.2280526,261,16,3892,4.11099691675,845.837615622,205.75,0.362393681652,NA,Battery-TA-RWARE/results/calls/centralized/natural/session_20260423_193725/llama3.2_3b/medium_balanced_4v4/language/summary.json
Calls,Centralized,Natural,llama 3b (3.2),medium_agv_heavy_6v2,0,session_20260423_193725,2221,NA,554,0.15615981241,28856.3513865,50,19,2772,6.85425685426,801.226551227,116.894736842,0.249437190455,NA,Battery-TA-RWARE/results/calls/centralized/natural/session_20260423_193725/llama3.2_3b/medium_agv_heavy_6v2/language/summary.json
Calls,Centralized,Natural,mistral 7b,tiny_balanced_1v1,0,session_20260423_193725,1220,NA,803,0.236063984489,38112.2118821,375,5,2063,2.42365487155,591.371788657,244,0.658196721311,NA,Battery-TA-RWARE/results/calls/centralized/natural/session_20260423_193725/mistral_7b/tiny_balanced_1v1/language/summary.json
Calls,Centralized,Natural,mistral 7b,small_balanced_2v2,0,session_20260423_193725,1157,NA,1045,0.1978926097,33440.6471047,74,6,1732,3.46420323326,668.013856813,192.833333333,0.90319792567,NA,Battery-TA-RWARE/results/calls/centralized/natural/session_20260423_193725/mistral_7b/small_balanced_2v2/language/summary.json
Calls,Shared,Json,llama 1b (3.2),tiny_balanced_1v1,0,session_20260331_201315,533,0,0,0.063,485.410184383,,0,500,0,1066,,0,0,Battery-TA-RWARE/results/calls/shared_context/json/session_20260331_201315/llama3.2_1b/tiny_balanced_1v1/json/summary.json
Calls,Shared,Json,llama 1b (3.2),tiny_balanced_1v1,0,session_20260401_091633,879,0,0,0,1079.47451305,,0,500,0,1758,,0,0,Battery-TA-RWARE/results/calls/shared_context/json/session_20260401_091633/llama3.2_1b/tiny_balanced_1v1/json/summary.json
Calls,Shared,Json,llama 1b (3.2),tiny_balanced_1v1,0,session_20260401_102916,883,0,0,0,888.066625834,,0,500,0,1766,,0,0,Battery-TA-RWARE/results/calls/shared_context/json/session_20260401_102916/llama3.2_1b/tiny_balanced_1v1/json/summary.json
Calls,Shared,Json,llama 1b (3.2),tiny_balanced_1v1,0,session_20260401_121402,856,0,0,0,855.490702868,,0,500,0,1712,,0,0,Battery-TA-RWARE/results/calls/shared_context/json/session_20260401_121402/llama3.2_1b/tiny_balanced_1v1/json/summary.json
Calls,Shared,Json,llama 1b (3.2),small_picker_heavy_2v4,0,session_20260331_201315,1782,0,0,0.426666666667,1924.46535206,,0,500,0,3564,,0,0,Battery-TA-RWARE/results/calls/shared_context/json/session_20260331_201315/llama3.2_1b/small_picker_heavy_2v4/json/summary.json
Calls,Shared,Json,llama 1b (3.2),small_picker_heavy_2v4,0,session_20260401_121402,1673,0,0,0.0213333333333,1985.38535404,,0,500,0,3346,,0,0,Battery-TA-RWARE/results/calls/shared_context/json/session_20260401_121402/llama3.2_1b/small_picker_heavy_2v4/json/summary.json
Calls,Shared,Json,llama 1b (3.2),small_balanced_2v2,0,session_20260331_201315,615,0,0,0.2985,610.511965036,,0,500,0,1230,,0,0,Battery-TA-RWARE/results/calls/shared_context/json/session_20260331_201315/llama3.2_1b/small_balanced_2v2/json/summary.json
Calls,Shared,Json,llama 1b (3.2),small_balanced_2v2,0,session_20260401_091633,999,0,0,0.481,1382.1614058,,0,500,0,1998,,0,0,Battery-TA-RWARE/results/calls/shared_context/json/session_20260401_091633/llama3.2_1b/small_balanced_2v2/json/summary.json
Calls,Shared,Json,llama 1b (3.2),small_balanced_2v2,0,session_20260401_102916,798,0,0,0.098,963.11272645,,0,500,0,1596,,0,0,Battery-TA-RWARE/results/calls/shared_context/json/session_20260401_102916/llama3.2_1b/small_balanced_2v2/json/summary.json
Calls,Shared,Json,llama 1b (3.2),small_balanced_2v2,0,session_20260401_121402,826,0,0,0.187,858.972461462,,0,500,0,1652,,0,0,Battery-TA-RWARE/results/calls/shared_context/json/session_20260401_121402/llama3.2_1b/small_balanced_2v2/json/summary.json
Calls,Shared,Json,llama 1b (3.2),small_agv_heavy_4v2,0,session_20260331_201315,1401,0,0,0.323333333333,1690.37792826,,0,500,0,2802,,0,0,Battery-TA-RWARE/results/calls/shared_context/json/session_20260331_201315/llama3.2_1b/small_agv_heavy_4v2/json/summary.json
Calls,Shared,Json,llama 1b (3.2),small_agv_heavy_4v2,0,session_20260401_121402,1603,0,0,0.0556666666667,1743.20202899,,0,500,0,3206,,0,0,Battery-TA-RWARE/results/calls/shared_context/json/session_20260401_121402/llama3.2_1b/small_agv_heavy_4v2/json/summary.json
Calls,Shared,Json,llama 1b (3.2),medium_balanced_4v4,0,session_20260331_201315,1562,0,0,0.2915,1881.31941557,,0,500,0,3124,,0,0,Battery-TA-RWARE/results/calls/shared_context/json/session_20260331_201315/llama3.2_1b/medium_balanced_4v4/json/summary.json
Calls,Shared,Json,llama 1b (3.2),medium_balanced_4v4,0,session_20260401_102916,1817,0,0,0.1805,2638.370785,,0,500,0,3634,,0,0,Battery-TA-RWARE/results/calls/shared_context/json/session_20260401_102916/llama3.2_1b/medium_balanced_4v4/json/summary.json
Calls,Shared,Json,llama 1b (3.2),medium_balanced_4v4,0,session_20260401_121402,2207,0,0,0.243,3147.92402124,,0,500,0,4414,,0,0,Battery-TA-RWARE/results/calls/shared_context/json/session_20260401_121402/llama3.2_1b/medium_balanced_4v4/json/summary.json
Calls,Shared,Json,llama 1b (3.2),medium_agv_heavy_6v2,0,session_20260331_201315,997,0,0,0.2785,1303.59752154,,0,500,0,1994,,0,0,Battery-TA-RWARE/results/calls/shared_context/json/session_20260331_201315/llama3.2_1b/medium_agv_heavy_6v2/json/summary.json
Calls,Shared,Json,llama 1b (3.2),medium_agv_heavy_6v2,0,session_20260401_121402,1662,0,0,0.0935,2765.95587444,,0,500,0,3324,,0,0,Battery-TA-RWARE/results/calls/shared_context/json/session_20260401_121402/llama3.2_1b/medium_agv_heavy_6v2/json/summary.json
Calls,Shared,Json,llama 3b (3.2),tiny_balanced_1v1,0,session_20260331_201315,883,0,0,0,1309.52344465,,0,500,0,1766,,0,0,Battery-TA-RWARE/results/calls/shared_context/json/session_20260331_201315/llama3.2_3b/tiny_balanced_1v1/json/summary.json
Calls,Shared,Json,llama 3b (3.2),tiny_balanced_1v1,0,session_20260401_121402,658,0,0,0,1028.2259438,,0,500,0,1316,,0,0,Battery-TA-RWARE/results/calls/shared_context/json/session_20260401_121402/llama3.2_3b/tiny_balanced_1v1/json/summary.json
Calls,Shared,Json,llama 3b (3.2),small_picker_heavy_2v4,0,session_20260331_201315,2541,0,0,0.00333333333333,4466.9559083,,0,500,0,5082,,0,0,Battery-TA-RWARE/results/calls/shared_context/json/session_20260331_201315/llama3.2_3b/small_picker_heavy_2v4/json/summary.json
Calls,Shared,Json,llama 3b (3.2),small_picker_heavy_2v4,0,session_20260401_121402,1042,0,0,0.133666666667,1626.94286203,,0,500,0,2084,,0,0,Battery-TA-RWARE/results/calls/shared_context/json/session_20260401_121402/llama3.2_3b/small_picker_heavy_2v4/json/summary.json
Calls,Shared,Json,llama 3b (3.2),small_balanced_2v2,0,session_20260331_201315,1566,0,0,0,2572.08512449,,0,500,0,3132,,0,0,Battery-TA-RWARE/results/calls/shared_context/json/session_20260331_201315/llama3.2_3b/small_balanced_2v2/json/summary.json
Calls,Shared,Json,llama 3b (3.2),small_balanced_2v2,0,session_20260401_121402,603,0,0,0.1045,934.647487164,,0,500,0,1206,,0,0,Battery-TA-RWARE/results/calls/shared_context/json/session_20260401_121402/llama3.2_3b/small_balanced_2v2/json/summary.json
Calls,Shared,Json,llama 3b (3.2),small_agv_heavy_4v2,0,session_20260331_201315,1834,0,0,0,2940.05719781,,0,500,0,3668,,0,0,Battery-TA-RWARE/results/calls/shared_context/json/session_20260331_201315/llama3.2_3b/small_agv_heavy_4v2/json/summary.json
Calls,Shared,Json,llama 3b (3.2),small_agv_heavy_4v2,0,session_20260401_121402,1106,0,0,0.122666666667,1795.11854815,,0,500,0,2212,,0,0,Battery-TA-RWARE/results/calls/shared_context/json/session_20260401_121402/llama3.2_3b/small_agv_heavy_4v2/json/summary.json
Calls,Shared,Json,llama 3b (3.2),medium_balanced_4v4,0,session_20260331_201315,2697,0,0,0.00775,4395.71087027,,0,500,0,5394,,0,0,Battery-TA-RWARE/results/calls/shared_context/json/session_20260331_201315/llama3.2_3b/medium_balanced_4v4/json/summary.json
Calls,Shared,Json,llama 3b (3.2),medium_balanced_4v4,0,session_20260401_121402,1040,0,0,0.173,1811.78774691,,0,500,0,2080,,0,0,Battery-TA-RWARE/results/calls/shared_context/json/session_20260401_121402/llama3.2_3b/medium_balanced_4v4/json/summary.json
Calls,Shared,Json,llama 3b (3.2),medium_agv_heavy_6v2,0,session_20260331_201315,1682,0,0,0.184,2723.80369449,,0,500,0,3364,,0,0,Battery-TA-RWARE/results/calls/shared_context/json/session_20260331_201315/llama3.2_3b/medium_agv_heavy_6v2/json/summary.json
Calls,Shared,Json,llama 3b (3.2),medium_agv_heavy_6v2,0,session_20260401_121402,1221,0,0,0.174,2114.17589664,,0,500,0,2442,,0,0,Battery-TA-RWARE/results/calls/shared_context/json/session_20260401_121402/llama3.2_3b/medium_agv_heavy_6v2/json/summary.json
Calls,Shared,Json,mistral 7b,tiny_balanced_1v1,0,session_20260401_121402,904,0,0,0.046,1902.6979785,,0,500,0,1808,,0,0,Battery-TA-RWARE/results/calls/shared_context/json/session_20260401_121402/mistral_7b/tiny_balanced_1v1/json/summary.json
Calls,Shared,Json,mistral 7b,small_picker_heavy_2v4,0,session_20260401_121402,2024,0,28,0.315,3633.57395315,,0,500,0,4048,,0.0138339920949,0,Battery-TA-RWARE/results/calls/shared_context/json/session_20260401_121402/mistral_7b/small_picker_heavy_2v4/json/summary.json
Calls,Shared,Json,mistral 7b,small_balanced_2v2,0,session_20260401_121402,1403,1,9,0.117417677643,2777.16647553,77,1,577,1.73310225303,2431.54246101,1403,0.0064148253742,0.000712758374911,Battery-TA-RWARE/results/calls/shared_context/json/session_20260401_121402/mistral_7b/small_balanced_2v2/json/summary.json
Calls,Shared,Json,mistral 7b,small_agv_heavy_4v2,0,session_20260401_121402,1578,0,55,0.229,3304.06099486,,0,500,0,3156,,0.0348542458809,0,Battery-TA-RWARE/results/calls/shared_context/json/session_20260401_121402/mistral_7b/small_agv_heavy_4v2/json/summary.json
Calls,Shared,Json,mistral 7b,medium_balanced_4v4,0,session_20260401_121402,2015,0,220,0.12875,5557.14480662,,0,500,0,4030,,0.109181141439,0,Battery-TA-RWARE/results/calls/shared_context/json/session_20260401_121402/mistral_7b/medium_balanced_4v4/json/summary.json
Calls,Shared,Json,mistral 7b,medium_agv_heavy_6v2,0,session_20260401_121402,1875,0,694,0.23375,4482.10795069,,0,500,0,3750,,0.370133333333,0,Battery-TA-RWARE/results/calls/shared_context/json/session_20260401_121402/mistral_7b/medium_agv_heavy_6v2/json/summary.json
Calls,Shared,Json,gemma 12b,tiny_balanced_1v1,0,session_20260401_121402,1380,0,0,0.0832471561531,4071.74856949,35,6,967,6.20475698035,1427.09410548,230,0,0,Battery-TA-RWARE/results/calls/shared_context/json/session_20260401_121402/gemma3_12b/tiny_balanced_1v1/json/summary.json
Calls,Shared,Json,gemma 12b,small_picker_heavy_2v4,0,session_20260401_121402,2020,0,0,0.322333333333,5629.44874454,,0,500,0,4040,,0,0,Battery-TA-RWARE/results/calls/shared_context/json/session_20260401_121402/gemma3_12b/small_picker_heavy_2v4/json/summary.json
Calls,Shared,Json,gemma 12b,small_balanced_2v2,0,session_20260401_121402,188,0,0,0.0945,640.121909142,,0,500,0,376,,0,0,Battery-TA-RWARE/results/calls/shared_context/json/session_20260401_121402/gemma3_12b/small_balanced_2v2/json/summary.json
Calls,Shared,Json,gemma 12b,small_agv_heavy_4v2,0,session_20260401_121402,3450,0,0,0.112258184524,11974.0565562,84,11,1792,6.13839285714,1925.22321429,313.636363636,0,0,Battery-TA-RWARE/results/calls/shared_context/json/session_20260401_121402/gemma3_12b/small_agv_heavy_4v2/json/summary.json
Calls,Shared,Json,gemma 12b,medium_balanced_4v4,0,session_20260401_121402,2454,0,0,0.1995,7934.17511344,,0,500,0,4908,,0,0,Battery-TA-RWARE/results/calls/shared_context/json/session_20260401_121402/gemma3_12b/medium_balanced_4v4/json/summary.json
Calls,Shared,Json,gemma 12b,medium_agv_heavy_6v2,0,session_20260401_121402,7974,0,1,0.15656390717,28404.2779999,125,9,2887,3.11742293038,2762.03671631,886,0.000125407574618,0,Battery-TA-RWARE/results/calls/shared_context/json/session_20260401_121402/gemma3_12b/medium_agv_heavy_6v2/json/summary.json
Calls,Shared,Json,phi4,tiny_balanced_1v1,0,session_20260401_121402,182,0,0,0.092523364486,701.393873453,35,1,535,1.8691588785,340.186915888,182,0,0,Battery-TA-RWARE/results/calls/shared_context/json/session_20260401_121402/phi4/tiny_balanced_1v1/json/summary.json
Calls,Shared,Json,phi4,small_picker_heavy_2v4,0,session_20260401_121402,1047,0,0,0.145668135095,5241.8482306,24,5,1135,4.40528634361,922.466960352,209.4,0,0,Battery-TA-RWARE/results/calls/shared_context/json/session_20260401_121402/phi4/small_picker_heavy_2v4/json/summary.json
Calls,Shared,Json,phi4,small_balanced_2v2,0,session_20260401_121402,148,0,0,0.116,705.992320299,,0,500,0,296,,0,0,Battery-TA-RWARE/results/calls/shared_context/json/session_20260401_121402/phi4/small_balanced_2v2/json/summary.json
Calls,Shared,Json,phi4,small_agv_heavy_4v2,0,session_20260401_121402,1007,0,0,0.086129753915,5443.63061142,41,10,1192,8.38926174497,844.798657718,100.7,0,0,Battery-TA-RWARE/results/calls/shared_context/json/session_20260401_121402/phi4/small_agv_heavy_4v2/json/summary.json
Calls,Shared,Json,phi4,medium_balanced_4v4,0,session_20260401_121402,1349,0,0,0.110758003766,8333.65758276,131,5,1062,4.70809792844,1270.24482109,269.8,0,0,Battery-TA-RWARE/results/calls/shared_context/json/session_20260401_121402/phi4/medium_balanced_4v4/json/summary.json
Calls,Shared,Json,phi4,medium_agv_heavy_6v2,0,session_20260401_121402,682,0,0,0.0656175771971,4327.65548563,28,4,842,4.75059382423,809.976247031,170.5,0,0,Battery-TA-RWARE/results/calls/shared_context/json/session_20260401_121402/phi4/medium_agv_heavy_6v2/json/summary.json
Calls,Shared,Json,qwen 14b (2.5),tiny_balanced_1v1,0,session_20260401_121402,686,0,0,0.460405156538,1709.95188737,43,1,543,1.84162062615,1263.35174954,686,0,0,Battery-TA-RWARE/results/calls/shared_context/json/session_20260401_121402/qwen2.5_14b/tiny_balanced_1v1/json/summary.json
Calls,Shared,Json,qwen 14b (2.5),small_picker_heavy_2v4,0,session_20260401_121402,2299,0,0,0.342,6884.72136831,,0,500,0,4598,,0,0,Battery-TA-RWARE/results/calls/shared_context/json/session_20260401_121402/qwen2.5_14b/small_picker_heavy_2v4/json/summary.json
Calls,Shared,Json,qwen 14b (2.5),small_balanced_2v2,0,session_20260401_121402,1069,0,0,0.4755,2996.73745179,,0,500,0,2138,,0,0,Battery-TA-RWARE/results/calls/shared_context/json/session_20260401_121402/qwen2.5_14b/small_balanced_2v2/json/summary.json
Calls,Shared,Json,qwen 14b (2.5),small_agv_heavy_4v2,0,session_20260401_121402,1972,0,2,0.108333333333,7083.68573976,,0,500,0,3944,,0.00101419878296,0,Battery-TA-RWARE/results/calls/shared_context/json/session_20260401_121402/qwen2.5_14b/small_agv_heavy_4v2/json/summary.json
Calls,Shared,Json,qwen 14b (2.5),medium_balanced_4v4,0,session_20260401_121402,2797,0,0,0.187,9508.59763265,,0,500,0,5594,,0,0,Battery-TA-RWARE/results/calls/shared_context/json/session_20260401_121402/qwen2.5_14b/medium_balanced_4v4/json/summary.json
Calls,Shared,Json,qwen 14b (2.5),medium_agv_heavy_6v2,0,session_20260401_121402,2153,0,2,0.22,8127.05589962,,0,500,0,4306,,0.000928936367859,0,Battery-TA-RWARE/results/calls/shared_context/json/session_20260401_121402/qwen2.5_14b/medium_agv_heavy_6v2/json/summary.json
Calls,Shared,Natural,llama 1b (3.2),tiny_balanced_1v1,0,session_20260328_221437,815,NA,0,0.510570824524,346.476746321,60,5,946,5.28541226216,861.522198732,163,0,NA,Battery-TA-RWARE/results/calls/shared_context/natural/session_20260328_221437/llama3.2_1b/tiny_balanced_1v1/language/summary.json
Calls,Shared,Natural,llama 1b (3.2),tiny_balanced_1v1,0,session_20260328_230923,743,NA,0,0.476817702845,320.907701015,63,5,949,5.26870389884,782.929399368,148.6,0,NA,Battery-TA-RWARE/results/calls/shared_context/natural/session_20260328_230923/llama3.2_1b/tiny_balanced_1v1/language/summary.json
Calls,Shared,Natural,llama 1b (3.2),tiny_balanced_1v1,0,session_20260329_094333,330,NA,0,0.178610206298,190.807350159,63,3,921,3.25732899023,358.306188925,110,0,NA,Battery-TA-RWARE/results/calls/shared_context/natural/session_20260329_094333/llama3.2_1b/tiny_balanced_1v1/language/summary.json
Calls,Shared,Natural,llama 1b (3.2),small_picker_heavy_2v4,0,session_20260329_094333,2298,NA,0,0.314264919942,1469.38858461,106,7,1145,6.1135371179,2006.98689956,328.285714286,0,NA,Battery-TA-RWARE/results/calls/shared_context/natural/session_20260329_094333/llama3.2_1b/small_picker_heavy_2v4/language/summary.json
Calls,Shared,Natural,llama 1b (3.2),small_balanced_2v2,0,session_20260328_221437,384,NA,0,0.082,358.107830048,,0,500,0,768,,0,NA,Battery-TA-RWARE/results/calls/shared_context/natural/session_20260328_221437/llama3.2_1b/small_balanced_2v2/language/summary.json
Calls,Shared,Natural,llama 1b (3.2),small_balanced_2v2,0,session_20260328_230923,482,NA,0,0.072,428.823364019,,0,500,0,964,,0,NA,Battery-TA-RWARE/results/calls/shared_context/natural/session_20260328_230923/llama3.2_1b/small_balanced_2v2/language/summary.json
Calls,Shared,Natural,llama 1b (3.2),small_balanced_2v2,0,session_20260329_094333,464,NA,0,0.0735,400.633504391,,0,500,0,928,,0,NA,Battery-TA-RWARE/results/calls/shared_context/natural/session_20260329_094333/llama3.2_1b/small_balanced_2v2/language/summary.json
Calls,Shared,Natural,llama 1b (3.2),small_agv_heavy_4v2,0,session_20260329_094333,2430,NA,0,0.130200860832,2148.52098179,15,9,1394,6.456241033,1743.18507891,270,0,NA,Battery-TA-RWARE/results/calls/shared_context/natural/session_20260329_094333/llama3.2_1b/small_agv_heavy_4v2/language/summary.json
Calls,Shared,Natural,llama 1b (3.2),medium_balanced_4v4,0,session_20260328_221437,1815,NA,0,0.229849279161,1478.67195821,66,4,763,5.24246395806,2378.76802097,453.75,0,NA,Battery-TA-RWARE/results/calls/shared_context/natural/session_20260328_221437/llama3.2_1b/medium_balanced_4v4/language/summary.json
Calls,Shared,Natural,llama 1b (3.2),medium_balanced_4v4,0,session_20260328_230923,4288,NA,0,0.147942521228,5827.28191137,43,16,1531,10.4506858263,2800.78380144,268,0,NA,Battery-TA-RWARE/results/calls/shared_context/natural/session_20260328_230923/llama3.2_1b/medium_balanced_4v4/language/summary.json
Calls,Shared,Natural,llama 1b (3.2),medium_balanced_4v4,0,session_20260329_094333,3990,NA,0,0.101984797297,4941.22960186,43,13,1184,10.9797297297,3369.93243243,306.923076923,0,NA,Battery-TA-RWARE/results/calls/shared_context/natural/session_20260329_094333/llama3.2_1b/medium_balanced_4v4/language/summary.json
Calls,Shared,Natural,llama 1b (3.2),medium_agv_heavy_6v2,0,session_20260329_094333,1875,NA,0,0.00291120815138,4219.12916136,43,4,687,5.82241630277,2729.25764192,468.75,0,NA,Battery-TA-RWARE/results/calls/shared_context/natural/session_20260329_094333/llama3.2_1b/medium_agv_heavy_6v2/language/summary.json
Calls,Shared,Natural,llama 3b (3.2),tiny_balanced_1v1,0,session_20260329_094333,819,NA,0,0.109424920128,610.104315996,37,11,1252,8.78594249201,654.153354633,74.4545454545,0,NA,Battery-TA-RWARE/results/calls/shared_context/natural/session_20260329_094333/llama3.2_3b/tiny_balanced_1v1/language/summary.json
Calls,Shared,Natural,llama 3b (3.2),small_picker_heavy_2v4,0,session_20260329_094333,2111,NA,0,0.0327235772358,2943.12310648,32,6,820,7.31707317073,2574.3902439,351.833333333,0,NA,Battery-TA-RWARE/results/calls/shared_context/natural/session_20260329_094333/llama3.2_3b/small_picker_heavy_2v4/language/summary.json
Calls,Shared,Natural,llama 3b (3.2),small_balanced_2v2,0,session_20260329_094333,1989,NA,0,0.0557939914163,2118.92389941,44,10,1165,8.58369098712,1707.29613734,198.9,0,NA,Battery-TA-RWARE/results/calls/shared_context/natural/session_20260329_094333/llama3.2_3b/small_balanced_2v2/language/summary.json
Calls,Shared,Natural,llama 3b (3.2),small_agv_heavy_4v2,0,session_20260329_094333,2633,NA,0,0.134495084897,2698.75423002,31,20,1119,17.873100983,2352.99374441,131.65,0,NA,Battery-TA-RWARE/results/calls/shared_context/natural/session_20260329_094333/llama3.2_3b/small_agv_heavy_4v2/language/summary.json
Calls,Shared,Natural,llama 3b (3.2),medium_balanced_4v4,0,session_20260329_094333,1643,NA,0,0.0218878248974,4142.84674954,48,6,731,8.20793433653,2247.60601915,273.833333333,0,NA,Battery-TA-RWARE/results/calls/shared_context/natural/session_20260329_094333/llama3.2_3b/medium_balanced_4v4/language/summary.json
Calls,Shared,Natural,llama 3b (3.2),medium_agv_heavy_6v2,0,session_20260329_094333,3044,NA,0,0.106336805556,4894.83386779,26,20,1152,17.3611111111,2642.36111111,152.2,0,NA,Battery-TA-RWARE/results/calls/shared_context/natural/session_20260329_094333/llama3.2_3b/medium_agv_heavy_6v2/language/summary.json
Calls,Shared,Natural,mistral 7b,tiny_balanced_1v1,0,session_20260329_094333,665,NA,0,0.107535321821,841.897990942,34,2,637,3.13971742543,1043.95604396,332.5,0,NA,Battery-TA-RWARE/results/calls/shared_context/natural/session_20260329_094333/mistral_7b/tiny_balanced_1v1/language/summary.json
Calls,Shared,Natural,mistral 7b,small_picker_heavy_2v4,0,session_20260329_094333,1715,NA,0,0.0908152734778,3328.23710418,24,6,969,6.1919504644,1769.86584107,285.833333333,0,NA,Battery-TA-RWARE/results/calls/shared_context/natural/session_20260329_094333/mistral_7b/small_picker_heavy_2v4/language/summary.json
Calls,Shared,Natural,mistral 7b,small_balanced_2v2,0,session_20260329_094333,3664,NA,0,0.267042475092,5263.00168872,39,12,1907,6.29260618773,1921.34242265,305.333333333,0,NA,Battery-TA-RWARE/results/calls/shared_context/natural/session_20260329_094333/mistral_7b/small_balanced_2v2/language/summary.json
Calls,Shared,Natural,mistral 7b,small_agv_heavy_4v2,0,session_20260329_094333,4881,NA,0,0.223776795942,7810.32520533,33,19,2037,9.32744231713,2396.17083947,256.894736842,0,NA,Battery-TA-RWARE/results/calls/shared_context/natural/session_20260329_094333/mistral_7b/small_agv_heavy_4v2/language/summary.json
Calls,Shared,Natural,mistral 7b,medium_balanced_4v4,0,session_20260329_094333,3420,NA,0,0.191698352345,6522.2922554,46,5,789,6.3371356147,4334.60076046,684,0,NA,Battery-TA-RWARE/results/calls/shared_context/natural/session_20260329_094333/mistral_7b/medium_balanced_4v4/language/summary.json
Calls,Shared,Natural,mistral 7b,medium_agv_heavy_6v2,0,session_20260329_094333,2590,NA,0,0.0376506024096,7535.55679274,40,15,913,16.4293537788,2836.80175246,172.666666667,0,NA,Battery-TA-RWARE/results/calls/shared_context/natural/session_20260329_094333/mistral_7b/medium_agv_heavy_6v2/language/summary.json
Calls,Shared,Natural,gemma 12b,tiny_balanced_1v1,0,session_20260329_094333,1442,NA,0,0.119769557307,3066.85486245,35,20,1649,12.1285627653,874.469375379,72.1,0,NA,Battery-TA-RWARE/results/calls/shared_context/natural/session_20260329_094333/gemma3_12b/tiny_balanced_1v1/language/summary.json
Calls,Shared,Natural,gemma 12b,small_picker_heavy_2v4,0,session_20260329_094333,4083,NA,0,0.136281355056,11138.7765851,24,20,2578,7.7579519007,1583.78588053,204.15,0,NA,Battery-TA-RWARE/results/calls/shared_context/natural/session_20260329_094333/gemma3_12b/small_picker_heavy_2v4/language/summary.json
Calls,Shared,Natural,gemma 12b,small_balanced_2v2,0,session_20260329_094333,140,NA,0,0.101,422.168847084,,0,500,0,280,,0,NA,Battery-TA-RWARE/results/calls/shared_context/natural/session_20260329_094333/gemma3_12b/small_balanced_2v2/language/summary.json
Calls,Shared,Natural,gemma 12b,small_agv_heavy_4v2,0,session_20260329_094333,1805,NA,0,0.146255947909,5112.12215233,41,11,1331,8.26446280992,1356.12321563,164.090909091,0,NA,Battery-TA-RWARE/results/calls/shared_context/natural/session_20260329_094333/gemma3_12b/small_agv_heavy_4v2/language/summary.json
Calls,Shared,Natural,gemma 12b,medium_balanced_4v4,0,session_20260329_094333,1456,NA,0,0.119227353464,5759.30449247,46,6,1126,5.32859680284,1293.07282416,242.666666667,0,NA,Battery-TA-RWARE/results/calls/shared_context/natural/session_20260329_094333/gemma3_12b/medium_balanced_4v4/language/summary.json
Calls,Shared,Natural,gemma 12b,medium_agv_heavy_6v2,0,session_20260329_094333,1048,NA,0,0.101334951456,3496.42346215,40,6,824,7.28155339806,1271.84466019,174.666666667,0,NA,Battery-TA-RWARE/results/calls/shared_context/natural/session_20260329_094333/gemma3_12b/medium_agv_heavy_6v2/language/summary.json
Calls,Shared,Natural,phi4,tiny_balanced_1v1,0,session_20260329_094333,95,NA,0,0.119626168224,408.682212353,35,1,535,1.8691588785,177.570093458,95,0,NA,Battery-TA-RWARE/results/calls/shared_context/natural/session_20260329_094333/phi4/tiny_balanced_1v1/language/summary.json
Calls,Shared,Natural,phi4,small_picker_heavy_2v4,0,session_20260329_094333,577,NA,0,0.143067846608,4230.56404305,24,3,565,5.30973451327,1021.23893805,192.333333333,0,NA,Battery-TA-RWARE/results/calls/shared_context/natural/session_20260329_094333/phi4/small_picker_heavy_2v4/language/summary.json
Calls,Shared,Natural,phi4,small_balanced_2v2,0,session_20260329_094333,183,NA,0,0.0952797202797,1074.50732088,72,1,572,1.74825174825,319.93006993,183,0,NA,Battery-TA-RWARE/results/calls/shared_context/natural/session_20260329_094333/phi4/small_balanced_2v2/language/summary.json
Calls,Shared,Natural,phi4,small_agv_heavy_4v2,0,session_20260329_094333,1156,NA,0,0.0884920634921,8802.4260006,41,9,1260,7.14285714286,917.46031746,128.444444444,0,NA,Battery-TA-RWARE/results/calls/shared_context/natural/session_20260329_094333/phi4/small_agv_heavy_4v2/language/summary.json
Calls,Shared,Natural,phi4,medium_balanced_4v4,0,session_20260329_094333,1282,NA,0,0.12257751938,10023.997642,46,7,1032,6.78294573643,1242.24806202,183.142857143,0,NA,Battery-TA-RWARE/results/calls/shared_context/natural/session_20260329_094333/phi4/medium_balanced_4v4/language/summary.json
Calls,Shared,Natural,phi4,medium_agv_heavy_6v2,0,session_20260329_094333,508,NA,0,0.0741869918699,3842.25212383,32,5,738,6.77506775068,688.346883469,101.6,0,NA,Battery-TA-RWARE/results/calls/shared_context/natural/session_20260329_094333/phi4/medium_agv_heavy_6v2/language/summary.json
Calls,Shared,Natural,qwen 14b (2.5),tiny_balanced_1v1,0,session_20260329_094333,354,NA,0,0.150057937428,687.241015911,35,3,863,3.47624565469,410.196987254,118,0,NA,Battery-TA-RWARE/results/calls/shared_context/natural/session_20260329_094333/qwen2.5_14b/tiny_balanced_1v1/language/summary.json
Calls,Shared,Natural,qwen 14b (2.5),small_picker_heavy_2v4,0,session_20260329_094333,2804,NA,0,0.159381237525,7173.88382125,24,17,1670,10.1796407186,1679.04191617,164.941176471,0,NA,Battery-TA-RWARE/results/calls/shared_context/natural/session_20260329_094333/qwen2.5_14b/small_picker_heavy_2v4/language/summary.json
Calls,Shared,Natural,qwen 14b (2.5),small_balanced_2v2,0,session_20260329_094333,346,NA,0,0.116695804196,851.951381207,72,1,572,1.74825174825,604.895104895,346,0,NA,Battery-TA-RWARE/results/calls/shared_context/natural/session_20260329_094333/qwen2.5_14b/small_balanced_2v2/language/summary.json
Calls,Shared,Natural,qwen 14b (2.5),small_agv_heavy_4v2,0,session_20260329_094333,1411,NA,0,0.0974403723095,3769.77058816,41,10,1146,8.7260034904,1231.2390925,141.1,0,NA,Battery-TA-RWARE/results/calls/shared_context/natural/session_20260329_094333/qwen2.5_14b/small_agv_heavy_4v2/language/summary.json
Calls,Shared,Natural,qwen 14b (2.5),medium_balanced_4v4,0,session_20260329_094333,1592,NA,0,0.143590998043,5807.38651896,48,6,1022,5.87084148728,1557.72994129,265.333333333,0,NA,Battery-TA-RWARE/results/calls/shared_context/natural/session_20260329_094333/qwen2.5_14b/medium_balanced_4v4/language/summary.json
Calls,Shared,Natural,qwen 14b (2.5),medium_agv_heavy_6v2,0,session_20260329_094333,1173,NA,0,0.0600997506234,4506.97939491,32,9,2005,4.48877805486,585.037406484,130.333333333,0,NA,Battery-TA-RWARE/results/calls/shared_context/natural/session_20260329_094333/qwen2.5_14b/medium_agv_heavy_6v2/language/summary.json
Shelf Deliveries,Centralized,Json,llama 1b (3.2),tiny_balanced_1v1,0,session_20260319_132509,69,,0,,233.739522457,,0,200,0,345,,0,,Battery-TA-RWARE/results/shelf/central_llm_experiments/JSON/session_20260319_132509/llama3.2_1b/tiny_balanced_1v1/language/summary.json
Shelf Deliveries,Centralized,Json,llama 1b (3.2),small_picker_heavy_2v4,0,session_20260319_132509,110,,0,,288.066437244,,0,200,0,550,,0,,Battery-TA-RWARE/results/shelf/central_llm_experiments/JSON/session_20260319_132509/llama3.2_1b/small_picker_heavy_2v4/language/summary.json
Shelf Deliveries,Centralized,Json,llama 1b (3.2),small_balanced_2v2,0,session_20260319_132509,87,,0,,149.236854315,,0,200,0,435,,0,,Battery-TA-RWARE/results/shelf/central_llm_experiments/JSON/session_20260319_132509/llama3.2_1b/small_balanced_2v2/language/summary.json
Shelf Deliveries,Centralized,Json,llama 1b (3.2),small_agv_heavy_4v2,0,session_20260319_132509,131,,0,,376.978290319,,0,200,0,655,,0,,Battery-TA-RWARE/results/shelf/central_llm_experiments/JSON/session_20260319_132509/llama3.2_1b/small_agv_heavy_4v2/language/summary.json
Shelf Deliveries,Centralized,Json,llama 1b (3.2),medium_balanced_4v4,0,session_20260319_132509,197,,0,,567.829782724,161,1,361,2.77008310249,545.706371191,197,0,,Battery-TA-RWARE/results/shelf/central_llm_experiments/JSON/session_20260319_132509/llama3.2_1b/medium_balanced_4v4/language/summary.json
Shelf Deliveries,Centralized,Json,llama 1b (3.2),medium_agv_heavy_6v2,0,session_20260319_132509,123,,0,,315.140462399,,0,200,0,615,,0,,Battery-TA-RWARE/results/shelf/central_llm_experiments/JSON/session_20260319_132509/llama3.2_1b/medium_agv_heavy_6v2/language/summary.json
Shelf Deliveries,Centralized,Json,llama 3b (3.2),tiny_balanced_1v1,0,session_20260319_132509,49,,0,,64.5322549343,53,1,253,3.95256916996,193.675889328,49,0,,Battery-TA-RWARE/results/shelf/central_llm_experiments/JSON/session_20260319_132509/llama3.2_3b/tiny_balanced_1v1/language/summary.json
Shelf Deliveries,Centralized,Json,llama 3b (3.2),small_picker_heavy_2v4,0,session_20260319_132509,253,,0,,359.439384937,181,1,381,2.62467191601,664.041994751,253,0,,Battery-TA-RWARE/results/shelf/central_llm_experiments/JSON/session_20260319_132509/llama3.2_3b/small_picker_heavy_2v4/language/summary.json
Shelf Deliveries,Centralized,Json,llama 3b (3.2),small_balanced_2v2,0,session_20260319_132509,124,,0,,170.0733881,,0,200,0,620,,0,,Battery-TA-RWARE/results/shelf/central_llm_experiments/JSON/session_20260319_132509/llama3.2_3b/small_balanced_2v2/language/summary.json
Shelf Deliveries,Centralized,Json,llama 3b (3.2),small_agv_heavy_4v2,0,session_20260319_132509,145,,0,,226.663348436,,0,200,0,725,,0,,Battery-TA-RWARE/results/shelf/central_llm_experiments/JSON/session_20260319_132509/llama3.2_3b/small_agv_heavy_4v2/language/summary.json
Shelf Deliveries,Centralized,Json,llama 3b (3.2),medium_balanced_4v4,0,session_20260319_132509,200,,0,,502.527195454,,0,200,0,1000,,0,,Battery-TA-RWARE/results/shelf/central_llm_experiments/JSON/session_20260319_132509/llama3.2_3b/medium_balanced_4v4/language/summary.json
Shelf Deliveries,Centralized,Json,llama 3b (3.2),medium_agv_heavy_6v2,0,session_20260319_132509,192,,0,,469.480973482,,0,200,0,960,,0,,Battery-TA-RWARE/results/shelf/central_llm_experiments/JSON/session_20260319_132509/llama3.2_3b/medium_agv_heavy_6v2/language/summary.json
Shelf Deliveries,Centralized,Json,mistral 7b,tiny_balanced_1v1,0,session_20260319_132509,176,,0,,395.379467487,170,1,370,2.7027027027,475.675675676,176,0,,Battery-TA-RWARE/results/shelf/central_llm_experiments/JSON/session_20260319_132509/mistral_7b/tiny_balanced_1v1/language/summary.json
Shelf Deliveries,Centralized,Json,mistral 7b,small_picker_heavy_2v4,0,session_20260319_132509,225,,0,,975.541983604,183,2,567,3.52733686067,396.825396825,112.5,0,,Battery-TA-RWARE/results/shelf/central_llm_experiments/JSON/session_20260319_132509/mistral_7b/small_picker_heavy_2v4/language/summary.json
Shelf Deliveries,Centralized,Json,mistral 7b,small_balanced_2v2,0,session_20260319_132509,186,,0,,831.865697861,173,2,393,5.08905852417,473.282442748,93,0,,Battery-TA-RWARE/results/shelf/central_llm_experiments/JSON/session_20260319_132509/mistral_7b/small_balanced_2v2/language/summary.json
Shelf Deliveries,Centralized,Json,mistral 7b,small_agv_heavy_4v2,0,session_20260319_132509,83,,0,,526.139069319,,0,200,0,415,,0,,Battery-TA-RWARE/results/shelf/central_llm_experiments/JSON/session_20260319_132509/mistral_7b/small_agv_heavy_4v2/language/summary.json
Shelf Deliveries,Centralized,Json,mistral 7b,medium_balanced_4v4,0,session_20260319_132509,162,,0,,1255.07997561,,0,200,0,810,,0,,Battery-TA-RWARE/results/shelf/central_llm_experiments/JSON/session_20260319_132509/mistral_7b/medium_balanced_4v4/language/summary.json
Shelf Deliveries,Centralized,Json,mistral 7b,medium_agv_heavy_6v2,0,session_20260319_132509,200,,0,,1966.43562007,,0,200,0,1000,,0,,Battery-TA-RWARE/results/shelf/central_llm_experiments/JSON/session_20260319_132509/mistral_7b/medium_agv_heavy_6v2/language/summary.json
Shelf Deliveries,Centralized,Json,gemma 12b,tiny_balanced_1v1,0,session_20260319_132509,74,,0,,245.689455271,33,1,233,4.29184549356,317.596566524,74,0,,Battery-TA-RWARE/results/shelf/central_llm_experiments/JSON/session_20260319_132509/gemma3_12b/tiny_balanced_1v1/language/summary.json
Shelf Deliveries,Centralized,Json,gemma 12b,small_picker_heavy_2v4,0,session_20260319_132509,132,,0,,574.291774273,,0,200,0,660,,0,,Battery-TA-RWARE/results/shelf/central_llm_experiments/JSON/session_20260319_132509/gemma3_12b/small_picker_heavy_2v4/language/summary.json
Shelf Deliveries,Centralized,Json,gemma 12b,small_balanced_2v2,0,session_20260319_132509,203,,0,,793.340255022,143,1,343,2.91545189504,591.836734694,203,0,,Battery-TA-RWARE/results/shelf/central_llm_experiments/JSON/session_20260319_132509/gemma3_12b/small_balanced_2v2/language/summary.json
Shelf Deliveries,Centralized,Json,gemma 12b,small_agv_heavy_4v2,0,session_20260319_132509,181,,0,,694.218978643,,0,200,0,905,,0,,Battery-TA-RWARE/results/shelf/central_llm_experiments/JSON/session_20260319_132509/gemma3_12b/small_agv_heavy_4v2/language/summary.json
Shelf Deliveries,Centralized,Json,gemma 12b,medium_balanced_4v4,0,session_20260319_132509,200,,0,,983.194795609,,0,200,0,1000,,0,,Battery-TA-RWARE/results/shelf/central_llm_experiments/JSON/session_20260319_132509/gemma3_12b/medium_balanced_4v4/language/summary.json
Shelf Deliveries,Centralized,Json,gemma 12b,medium_agv_heavy_6v2,0,session_20260319_132509,200,,0,,991.431729317,,0,200,0,1000,,0,,Battery-TA-RWARE/results/shelf/central_llm_experiments/JSON/session_20260319_132509/gemma3_12b/medium_agv_heavy_6v2/language/summary.json
Shelf Deliveries,Centralized,Json,phi4,tiny_balanced_1v1,0,session_20260319_132509,97,,0,,583.874384165,33,1,233,4.29184549356,416.309012876,97,0,,Battery-TA-RWARE/results/shelf/central_llm_experiments/JSON/session_20260319_132509/phi4/tiny_balanced_1v1/language/summary.json
Shelf Deliveries,Centralized,Json,phi4,small_picker_heavy_2v4,0,session_20260319_132509,167,,0,,1495.23871064,137,1,337,2.96735905045,495.548961424,167,0,,Battery-TA-RWARE/results/shelf/central_llm_experiments/JSON/session_20260319_132509/phi4/small_picker_heavy_2v4/language/summary.json
Shelf Deliveries,Centralized,Json,phi4,small_balanced_2v2,0,session_20260319_132509,140,,0,,1162.89296103,62,2,292,6.84931506849,479.452054795,70,0,,Battery-TA-RWARE/results/shelf/central_llm_experiments/JSON/session_20260319_132509/phi4/small_balanced_2v2/language/summary.json
Shelf Deliveries,Centralized,Json,phi4,small_agv_heavy_4v2,0,session_20260319_132509,335,,0,,4225.82829738,76,4,491,8.1466395112,682.281059063,83.75,0,,Battery-TA-RWARE/results/shelf/central_llm_experiments/JSON/session_20260319_132509/phi4/small_agv_heavy_4v2/language/summary.json
Shelf Deliveries,Centralized,Json,phi4,medium_balanced_4v4,0,session_20260319_132509,36,,0,,655.741194963,,0,200,0,180,,0,,Battery-TA-RWARE/results/shelf/central_llm_experiments/JSON/session_20260319_132509/phi4/medium_balanced_4v4/language/summary.json
Shelf Deliveries,Centralized,Json,phi4,medium_agv_heavy_6v2,0,session_20260319_132509,118,,2,,2564.87624359,,0,200,0,590,,0.0169491525424,,Battery-TA-RWARE/results/shelf/central_llm_experiments/JSON/session_20260319_132509/phi4/medium_agv_heavy_6v2/language/summary.json
Shelf Deliveries,Centralized,Json,qwen 14b (2.5),tiny_balanced_1v1,0,session_20260319_132509,35,,0,,111.232637167,33,1,233,4.29184549356,150.214592275,35,0,,Battery-TA-RWARE/results/shelf/central_llm_experiments/JSON/session_20260319_132509/qwen2.5_14b/tiny_balanced_1v1/language/summary.json
Shelf Deliveries,Centralized,Json,qwen 14b (2.5),small_picker_heavy_2v4,0,session_20260319_132509,74,,0,,317.301532984,,0,200,0,370,,0,,Battery-TA-RWARE/results/shelf/central_llm_experiments/JSON/session_20260319_132509/qwen2.5_14b/small_picker_heavy_2v4/language/summary.json
Shelf Deliveries,Centralized,Json,qwen 14b (2.5),small_balanced_2v2,0,session_20260319_132509,90,,0,,393.539429903,45,2,282,7.09219858156,319.14893617,45,0,,Battery-TA-RWARE/results/shelf/central_llm_experiments/JSON/session_20260319_132509/qwen2.5_14b/small_balanced_2v2/language/summary.json
Shelf Deliveries,Centralized,Json,qwen 14b (2.5),small_agv_heavy_4v2,0,session_20260319_132509,75,,0,,401.297274351,,0,200,0,375,,0,,Battery-TA-RWARE/results/shelf/central_llm_experiments/JSON/session_20260319_132509/qwen2.5_14b/small_agv_heavy_4v2/language/summary.json
Shelf Deliveries,Centralized,Json,qwen 14b (2.5),medium_balanced_4v4,0,session_20260319_132509,160,,0,,911.823961258,,0,200,0,800,,0,,Battery-TA-RWARE/results/shelf/central_llm_experiments/JSON/session_20260319_132509/qwen2.5_14b/medium_balanced_4v4/language/summary.json
Shelf Deliveries,Centralized,Json,qwen 14b (2.5),medium_agv_heavy_6v2,0,session_20260319_132509,140,,0,,867.20300436,,0,200,0,700,,0,,Battery-TA-RWARE/results/shelf/central_llm_experiments/JSON/session_20260319_132509/qwen2.5_14b/medium_agv_heavy_6v2/language/summary.json
Shelf Deliveries,Centralized,Natural,llama 1b (3.2),tiny_balanced_1v1,0,session_20260317_183938,86,NA,0,,219.199110031,,0,200,0,430,,0,NA,Battery-TA-RWARE/results/shelf/central_llm_experiments/natural/session_20260317_183938/llama3.2_1b/tiny_balanced_1v1/language/summary.json
Shelf Deliveries,Centralized,Natural,llama 1b (3.2),small_picker_heavy_2v4,0,session_20260317_183938,134,NA,0,,394.114629507,,0,200,0,670,,0,NA,Battery-TA-RWARE/results/shelf/central_llm_experiments/natural/session_20260317_183938/llama3.2_1b/small_picker_heavy_2v4/language/summary.json
Shelf Deliveries,Centralized,Natural,llama 1b (3.2),small_balanced_2v2,0,session_20260317_183938,140,NA,0,,386.430672646,,0,200,0,700,,0,NA,Battery-TA-RWARE/results/shelf/central_llm_experiments/natural/session_20260317_183938/llama3.2_1b/small_balanced_2v2/language/summary.json
Shelf Deliveries,Centralized,Natural,llama 1b (3.2),small_agv_heavy_4v2,0,session_20260317_183938,136,NA,0,,398.971119881,,0,200,0,680,,0,NA,Battery-TA-RWARE/results/shelf/central_llm_experiments/natural/session_20260317_183938/llama3.2_1b/small_agv_heavy_4v2/language/summary.json
Shelf Deliveries,Centralized,Natural,llama 1b (3.2),medium_balanced_4v4,0,session_20260317_183938,180,NA,0,,520.57290864,,0,200,0,900,,0,NA,Battery-TA-RWARE/results/shelf/central_llm_experiments/natural/session_20260317_183938/llama3.2_1b/medium_balanced_4v4/language/summary.json
Shelf Deliveries,Centralized,Natural,llama 1b (3.2),medium_agv_heavy_6v2,0,session_20260317_183938,172,NA,0,,363.414469719,,0,200,0,860,,0,NA,Battery-TA-RWARE/results/shelf/central_llm_experiments/natural/session_20260317_183938/llama3.2_1b/medium_agv_heavy_6v2/language/summary.json
Shelf Deliveries,Centralized,Natural,llama 3b (3.2),tiny_balanced_1v1,0,session_20260317_183938,68,NA,0,,119.893019438,78,1,278,3.59712230216,244.604316547,68,0,NA,Battery-TA-RWARE/results/shelf/central_llm_experiments/natural/session_20260317_183938/llama3.2_3b/tiny_balanced_1v1/language/summary.json
Shelf Deliveries,Centralized,Natural,llama 3b (3.2),small_picker_heavy_2v4,0,session_20260317_183938,148,NA,0,,238.479668856,,0,200,0,740,,0,NA,Battery-TA-RWARE/results/shelf/central_llm_experiments/natural/session_20260317_183938/llama3.2_3b/small_picker_heavy_2v4/language/summary.json
Shelf Deliveries,Centralized,Natural,llama 3b (3.2),small_balanced_2v2,0,session_20260317_183938,241,NA,0,,344.795945644,174,2,398,5.02512562814,605.527638191,120.5,0,NA,Battery-TA-RWARE/results/shelf/central_llm_experiments/natural/session_20260317_183938/llama3.2_3b/small_balanced_2v2/language/summary.json
Shelf Deliveries,Centralized,Natural,llama 3b (3.2),small_agv_heavy_4v2,0,session_20260317_183938,200,NA,0,,341.702210665,,0,200,0,1000,,0,NA,Battery-TA-RWARE/results/shelf/central_llm_experiments/natural/session_20260317_183938/llama3.2_3b/small_agv_heavy_4v2/language/summary.json
Shelf Deliveries,Centralized,Natural,llama 3b (3.2),medium_balanced_4v4,0,session_20260317_183938,200,NA,0,,504.573355436,,0,200,0,1000,,0,NA,Battery-TA-RWARE/results/shelf/central_llm_experiments/natural/session_20260317_183938/llama3.2_3b/medium_balanced_4v4/language/summary.json
Shelf Deliveries,Centralized,Natural,llama 3b (3.2),medium_agv_heavy_6v2,0,session_20260317_183938,131,NA,0,,278.464504242,,0,200,0,655,,0,NA,Battery-TA-RWARE/results/shelf/central_llm_experiments/natural/session_20260317_183938/llama3.2_3b/medium_agv_heavy_6v2/language/summary.json
Shelf Deliveries,Centralized,Natural,mistral 7b,tiny_balanced_1v1,0,session_20260317_183938,186,NA,0,,380.477293015,,0,200,0,930,,0,NA,Battery-TA-RWARE/results/shelf/central_llm_experiments/natural/session_20260317_183938/mistral_7b/tiny_balanced_1v1/language/summary.json
Shelf Deliveries,Centralized,Natural,mistral 7b,small_picker_heavy_2v4,0,session_20260317_183938,84,NA,0,,341.200397015,,0,200,0,420,,0,NA,Battery-TA-RWARE/results/shelf/central_llm_experiments/natural/session_20260317_183938/mistral_7b/small_picker_heavy_2v4/language/summary.json
Shelf Deliveries,Centralized,Natural,mistral 7b,small_balanced_2v2,0,session_20260317_183938,213,NA,0,,948.499952078,170,1,370,2.7027027027,575.675675676,213,0,NA,Battery-TA-RWARE/results/shelf/central_llm_experiments/natural/session_20260317_183938/mistral_7b/small_balanced_2v2/language/summary.json
Shelf Deliveries,Centralized,Natural,mistral 7b,small_agv_heavy_4v2,0,session_20260317_183938,163,NA,0,,1093.51607704,,0,200,0,815,,0,NA,Battery-TA-RWARE/results/shelf/central_llm_experiments/natural/session_20260317_183938/mistral_7b/small_agv_heavy_4v2/language/summary.json
Shelf Deliveries,Centralized,Natural,mistral 7b,medium_balanced_4v4,0,session_20260317_183938,184,NA,1,,1400.48922253,,0,200,0,920,,0.0054347826087,NA,Battery-TA-RWARE/results/shelf/central_llm_experiments/natural/session_20260317_183938/mistral_7b/medium_balanced_4v4/language/summary.json
Shelf Deliveries,Centralized,Natural,mistral 7b,medium_agv_heavy_6v2,0,session_20260317_183938,200,NA,0,,2145.62481165,,0,200,0,1000,,0,NA,Battery-TA-RWARE/results/shelf/central_llm_experiments/natural/session_20260317_183938/mistral_7b/medium_agv_heavy_6v2/language/summary.json
Shelf Deliveries,Centralized,Natural,gemma 12b,tiny_balanced_1v1,0,session_20260317_183938,94,NA,0,,764.6000278,83,1,283,3.53356890459,332.155477032,94,0,NA,Battery-TA-RWARE/results/shelf/central_llm_experiments/natural/session_20260317_183938/gemma3_12b/tiny_balanced_1v1/language/summary.json
Shelf Deliveries,Centralized,Natural,gemma 12b,small_picker_heavy_2v4,0,session_20260317_183938,96,NA,0,,913.850153446,,0,200,0,480,,0,NA,Battery-TA-RWARE/results/shelf/central_llm_experiments/natural/session_20260317_183938/gemma3_12b/small_picker_heavy_2v4/language/summary.json
Shelf Deliveries,Centralized,Natural,gemma 12b,small_balanced_2v2,0,session_20260317_183938,127,NA,0,,1150.18477011,,0,200,0,635,,0,NA,Battery-TA-RWARE/results/shelf/central_llm_experiments/natural/session_20260317_183938/gemma3_12b/small_balanced_2v2/language/summary.json
Shelf Deliveries,Centralized,Natural,gemma 12b,small_agv_heavy_4v2,0,session_20260317_183938,141,NA,0,,1419.01489043,,0,200,0,705,,0,NA,Battery-TA-RWARE/results/shelf/central_llm_experiments/natural/session_20260317_183938/gemma3_12b/small_agv_heavy_4v2/language/summary.json
Shelf Deliveries,Centralized,Natural,gemma 12b,medium_balanced_4v4,0,session_20260317_183938,179,NA,0,,1959.83644176,,0,200,0,895,,0,NA,Battery-TA-RWARE/results/shelf/central_llm_experiments/natural/session_20260317_183938/gemma3_12b/medium_balanced_4v4/language/summary.json
Shelf Deliveries,Centralized,Natural,gemma 12b,medium_agv_heavy_6v2,0,session_20260317_183938,184,NA,0,,2835.02683711,,0,200,0,920,,0,NA,Battery-TA-RWARE/results/shelf/central_llm_experiments/natural/session_20260317_183938/gemma3_12b/medium_agv_heavy_6v2/language/summary.json
Shelf Deliveries,Centralized,Natural,phi4,tiny_balanced_1v1,0,session_20260317_183938,114,NA,0,,2329.15684676,33,1,233,4.29184549356,489.270386266,114,0,NA,Battery-TA-RWARE/results/shelf/central_llm_experiments/natural/session_20260317_183938/phi4/tiny_balanced_1v1/language/summary.json
Shelf Deliveries,Centralized,Natural,phi4,small_picker_heavy_2v4,0,session_20260317_183938,162,NA,0,,6477.19026375,,0,200,0,810,,0,NA,Battery-TA-RWARE/results/shelf/central_llm_experiments/natural/session_20260317_183938/phi4/small_picker_heavy_2v4/language/summary.json
Shelf Deliveries,Centralized,Natural,phi4,small_balanced_2v2,0,session_20260317_183938,149,NA,0,,4148.53705287,76,2,337,5.93471810089,442.136498516,74.5,0,NA,Battery-TA-RWARE/results/shelf/central_llm_experiments/natural/session_20260317_183938/phi4/small_balanced_2v2/language/summary.json
Shelf Deliveries,Centralized,Natural,phi4,small_agv_heavy_4v2,0,session_20260317_183938,315,NA,0,,13571.3986709,112,3,459,6.53594771242,686.274509804,105,0,NA,Battery-TA-RWARE/results/shelf/central_llm_experiments/natural/session_20260317_183938/phi4/small_agv_heavy_4v2/language/summary.json
Shelf Deliveries,Centralized,Natural,phi4,medium_balanced_4v4,0,session_20260317_183938,182,NA,0,,10998.9040668,,0,200,0,910,,0,NA,Battery-TA-RWARE/results/shelf/central_llm_experiments/natural/session_20260317_183938/phi4/medium_balanced_4v4/language/summary.json
Shelf Deliveries,Centralized,Natural,phi4,medium_agv_heavy_6v2,0,session_20260317_183938,172,NA,0,,10092.0109999,,0,200,0,860,,0,NA,Battery-TA-RWARE/results/shelf/central_llm_experiments/natural/session_20260317_183938/phi4/medium_agv_heavy_6v2/language/summary.json
Shelf Deliveries,Centralized,Natural,qwen 14b (2.5),tiny_balanced_1v1,0,session_20260317_183938,28,NA,0,,578.211290598,32,1,232,4.31034482759,120.689655172,28,0,NA,Battery-TA-RWARE/results/shelf/central_llm_experiments/natural/session_20260317_183938/qwen2.5_14b/tiny_balanced_1v1/language/summary.json
Shelf Deliveries,Centralized,Natural,qwen 14b (2.5),small_picker_heavy_2v4,0,session_20260317_183938,139,NA,0,,3843.56942225,168,1,368,2.71739130435,377.717391304,139,0,NA,Battery-TA-RWARE/results/shelf/central_llm_experiments/natural/session_20260317_183938/qwen2.5_14b/small_picker_heavy_2v4/language/summary.json
Shelf Deliveries,Centralized,Natural,qwen 14b (2.5),small_balanced_2v2,0,session_20260317_183938,202,NA,0,,5339.39674425,116,2,366,5.46448087432,551.912568306,101,0,NA,Battery-TA-RWARE/results/shelf/central_llm_experiments/natural/session_20260317_183938/qwen2.5_14b/small_balanced_2v2/language/summary.json
Shelf Deliveries,Centralized,Natural,qwen 14b (2.5),small_agv_heavy_4v2,0,session_20260317_183938,200,NA,0,,6340.13738751,,0,200,0,1000,,0,NA,Battery-TA-RWARE/results/shelf/central_llm_experiments/natural/session_20260317_183938/qwen2.5_14b/small_agv_heavy_4v2/language/summary.json
Shelf Deliveries,Centralized,Natural,qwen 14b (2.5),medium_balanced_4v4,0,session_20260317_183938,149,NA,0,,3904.98350525,,0,200,0,745,,0,NA,Battery-TA-RWARE/results/shelf/central_llm_experiments/natural/session_20260317_183938/qwen2.5_14b/medium_balanced_4v4/language/summary.json
Shelf Deliveries,Centralized,Natural,qwen 14b (2.5),medium_agv_heavy_6v2,0,session_20260317_183938,113,NA,0,,2980.26451039,,0,200,0,565,,0,NA,Battery-TA-RWARE/results/shelf/central_llm_experiments/natural/session_20260317_183938/qwen2.5_14b/medium_agv_heavy_6v2/language/summary.json
Shelf Deliveries,Shared,Json,llama 1b (3.2),tiny_balanced_1v1,0,session_20260324_130956,123,0,0,,98.2719070911,,0,200,0,615,,0,0,Battery-TA-RWARE/results/shelf/shared_context_llm_experiments/JSON/session_20260324_130956/llama3.2_1b/tiny_balanced_1v1/json/summary.json
Shelf Deliveries,Shared,Json,llama 1b (3.2),small_picker_heavy_2v4,0,session_20260324_130956,338,0,0,,255.501661062,,0,200,0,1690,,0,0,Battery-TA-RWARE/results/shelf/shared_context_llm_experiments/JSON/session_20260324_130956/llama3.2_1b/small_picker_heavy_2v4/json/summary.json
Shelf Deliveries,Shared,Json,llama 1b (3.2),small_balanced_2v2,0,session_20260324_130956,186,0,0,,109.009232998,,0,200,0,930,,0,0,Battery-TA-RWARE/results/shelf/shared_context_llm_experiments/JSON/session_20260324_130956/llama3.2_1b/small_balanced_2v2/json/summary.json
Shelf Deliveries,Shared,Json,llama 1b (3.2),small_agv_heavy_4v2,0,session_20260324_130956,194,0,0,,163.98154664,,0,200,0,970,,0,0,Battery-TA-RWARE/results/shelf/shared_context_llm_experiments/JSON/session_20260324_130956/llama3.2_1b/small_agv_heavy_4v2/json/summary.json
Shelf Deliveries,Shared,Json,llama 1b (3.2),medium_balanced_4v4,0,session_20260324_130956,218,0,0,,163.035543203,,0,200,0,1090,,0,0,Battery-TA-RWARE/results/shelf/shared_context_llm_experiments/JSON/session_20260324_130956/llama3.2_1b/medium_balanced_4v4/json/summary.json
Shelf Deliveries,Shared,Json,llama 1b (3.2),medium_agv_heavy_6v2,0,session_20260324_130956,401,0,0,,374.548250675,,0,200,0,2005,,0,0,Battery-TA-RWARE/results/shelf/shared_context_llm_experiments/JSON/session_20260324_130956/llama3.2_1b/medium_agv_heavy_6v2/json/summary.json
Shelf Deliveries,Shared,Json,llama 3b (3.2),tiny_balanced_1v1,0,session_20260324_130956,102,0,0,,122.803663969,,0,200,0,510,,0,0,Battery-TA-RWARE/results/shelf/shared_context_llm_experiments/JSON/session_20260324_130956/llama3.2_3b/tiny_balanced_1v1/json/summary.json
Shelf Deliveries,Shared,Json,llama 3b (3.2),small_picker_heavy_2v4,0,session_20260324_130956,284,0,0,,365.217968464,,0,200,0,1420,,0,0,Battery-TA-RWARE/results/shelf/shared_context_llm_experiments/JSON/session_20260324_130956/llama3.2_3b/small_picker_heavy_2v4/json/summary.json
Shelf Deliveries,Shared,Json,llama 3b (3.2),small_balanced_2v2,0,session_20260324_130956,171,0,0,,216.674551964,,0,200,0,855,,0,0,Battery-TA-RWARE/results/shelf/shared_context_llm_experiments/JSON/session_20260324_130956/llama3.2_3b/small_balanced_2v2/json/summary.json
Shelf Deliveries,Shared,Json,llama 3b (3.2),small_agv_heavy_4v2,0,session_20260324_130956,193,0,0,,245.542430401,,0,200,0,965,,0,0,Battery-TA-RWARE/results/shelf/shared_context_llm_experiments/JSON/session_20260324_130956/llama3.2_3b/small_agv_heavy_4v2/json/summary.json
Shelf Deliveries,Shared,Json,llama 3b (3.2),medium_balanced_4v4,0,session_20260324_130956,68,0,0,,92.5630168915,,0,200,0,340,,0,0,Battery-TA-RWARE/results/shelf/shared_context_llm_experiments/JSON/session_20260324_130956/llama3.2_3b/medium_balanced_4v4/json/summary.json
Shelf Deliveries,Shared,Json,llama 3b (3.2),medium_agv_heavy_6v2,0,session_20260324_130956,86,0,0,,129.143208265,,0,200,0,430,,0,0,Battery-TA-RWARE/results/shelf/shared_context_llm_experiments/JSON/session_20260324_130956/llama3.2_3b/medium_agv_heavy_6v2/json/summary.json
Shelf Deliveries,Shared,Json,mistral 7b,tiny_balanced_1v1,0,session_20260324_130956,270,0,0,,442.40480423,,0,200,0,1350,,0,0,Battery-TA-RWARE/results/shelf/shared_context_llm_experiments/JSON/session_20260324_130956/mistral_7b/tiny_balanced_1v1/json/summary.json
Shelf Deliveries,Shared,Json,mistral 7b,small_picker_heavy_2v4,0,session_20260324_130956,261,0,0,,494.204506874,,0,200,0,1305,,0,0,Battery-TA-RWARE/results/shelf/shared_context_llm_experiments/JSON/session_20260324_130956/mistral_7b/small_picker_heavy_2v4/json/summary.json
Shelf Deliveries,Shared,Json,mistral 7b,small_balanced_2v2,0,session_20260324_130956,198,0,0,,455.298883438,,0,200,0,990,,0,0,Battery-TA-RWARE/results/shelf/shared_context_llm_experiments/JSON/session_20260324_130956/mistral_7b/small_balanced_2v2/json/summary.json
Shelf Deliveries,Shared,Json,mistral 7b,small_agv_heavy_4v2,0,session_20260324_130956,158,0,0,,355.557105064,,0,200,0,790,,0,0,Battery-TA-RWARE/results/shelf/shared_context_llm_experiments/JSON/session_20260324_130956/mistral_7b/small_agv_heavy_4v2/json/summary.json
Shelf Deliveries,Shared,Json,mistral 7b,medium_balanced_4v4,0,session_20260324_130956,70,0,0,,141.848517179,,0,200,0,350,,0,0,Battery-TA-RWARE/results/shelf/shared_context_llm_experiments/JSON/session_20260324_130956/mistral_7b/medium_balanced_4v4/json/summary.json
Shelf Deliveries,Shared,Json,mistral 7b,medium_agv_heavy_6v2,0,session_20260324_130956,72,0,0,,179.715654612,,0,200,0,360,,0,0,Battery-TA-RWARE/results/shelf/shared_context_llm_experiments/JSON/session_20260324_130956/mistral_7b/medium_agv_heavy_6v2/json/summary.json
Shelf Deliveries,Shared,Json,gemma 12b,tiny_balanced_1v1,0,session_20260324_130956,166,0,0,,796.142909288,,0,200,0,830,,0,0,Battery-TA-RWARE/results/shelf/shared_context_llm_experiments/JSON/session_20260324_130956/gemma3_12b/tiny_balanced_1v1/json/summary.json
Shelf Deliveries,Shared,Json,gemma 12b,small_picker_heavy_2v4,0,session_20260324_130956,131,0,0,,437.508366346,,0,200,0,655,,0,0,Battery-TA-RWARE/results/shelf/shared_context_llm_experiments/JSON/session_20260324_130956/gemma3_12b/small_picker_heavy_2v4/json/summary.json
Shelf Deliveries,Shared,Json,gemma 12b,small_balanced_2v2,0,session_20260324_130956,218,0,0,,859.461339235,,0,200,0,1090,,0,0,Battery-TA-RWARE/results/shelf/shared_context_llm_experiments/JSON/session_20260324_130956/gemma3_12b/small_balanced_2v2/json/summary.json
Shelf Deliveries,Shared,Json,gemma 12b,small_agv_heavy_4v2,0,session_20260324_130956,140,0,0,,581.511517048,,0,200,0,700,,0,0,Battery-TA-RWARE/results/shelf/shared_context_llm_experiments/JSON/session_20260324_130956/gemma3_12b/small_agv_heavy_4v2/json/summary.json
Shelf Deliveries,Shared,Json,gemma 12b,medium_balanced_4v4,0,session_20260324_130956,254,0,0,,973.857121706,,0,200,0,1270,,0,0,Battery-TA-RWARE/results/shelf/shared_context_llm_experiments/JSON/session_20260324_130956/gemma3_12b/medium_balanced_4v4/json/summary.json
Shelf Deliveries,Shared,Json,gemma 12b,medium_agv_heavy_6v2,0,session_20260324_130956,174,0,0,,820.646433353,,0,200,0,870,,0,0,Battery-TA-RWARE/results/shelf/shared_context_llm_experiments/JSON/session_20260324_130956/gemma3_12b/medium_agv_heavy_6v2/json/summary.json
Shelf Deliveries,Shared,Json,phi4,tiny_balanced_1v1,0,session_20260324_130956,286,0,0,,2151.77992368,,0,200,0,1430,,0,0,Battery-TA-RWARE/results/shelf/shared_context_llm_experiments/JSON/session_20260324_130956/phi4/tiny_balanced_1v1/json/summary.json
Shelf Deliveries,Shared,Json,phi4,small_picker_heavy_2v4,0,session_20260324_130956,404,0,0,,2768.1478982,,0,200,0,2020,,0,0,Battery-TA-RWARE/results/shelf/shared_context_llm_experiments/JSON/session_20260324_130956/phi4/small_picker_heavy_2v4/json/summary.json
Shelf Deliveries,Shared,Json,phi4,small_balanced_2v2,0,session_20260324_130956,324,0,0,,2157.49874043,,0,200,0,1620,,0,0,Battery-TA-RWARE/results/shelf/shared_context_llm_experiments/JSON/session_20260324_130956/phi4/small_balanced_2v2/json/summary.json
Shelf Deliveries,Shared,Json,phi4,small_agv_heavy_4v2,0,session_20260324_130956,390,0,0,,2726.52826238,,0,200,0,1950,,0,0,Battery-TA-RWARE/results/shelf/shared_context_llm_experiments/JSON/session_20260324_130956/phi4/small_agv_heavy_4v2/json/summary.json
Shelf Deliveries,Shared,Json,phi4,medium_balanced_4v4,0,session_20260324_130956,774,0,0,,5458.55851126,,0,200,0,3870,,0,0,Battery-TA-RWARE/results/shelf/shared_context_llm_experiments/JSON/session_20260324_130956/phi4/medium_balanced_4v4/json/summary.json
Shelf Deliveries,Shared,Json,phi4,medium_agv_heavy_6v2,0,session_20260324_130956,465,0,0,,3428.53660703,,0,200,0,2325,,0,0,Battery-TA-RWARE/results/shelf/shared_context_llm_experiments/JSON/session_20260324_130956/phi4/medium_agv_heavy_6v2/json/summary.json
Shelf Deliveries,Shared,Json,qwen 14b (2.5),tiny_balanced_1v1,0,session_20260324_130956,292,0,0,,1061.30742741,,0,200,0,1460,,0,0,Battery-TA-RWARE/results/shelf/shared_context_llm_experiments/JSON/session_20260324_130956/qwen2.5_14b/tiny_balanced_1v1/json/summary.json
Shelf Deliveries,Shared,Json,qwen 14b (2.5),small_picker_heavy_2v4,0,session_20260324_130956,157,0,0,,536.527375698,,0,200,0,785,,0,0,Battery-TA-RWARE/results/shelf/shared_context_llm_experiments/JSON/session_20260324_130956/qwen2.5_14b/small_picker_heavy_2v4/json/summary.json
Shelf Deliveries,Shared,Json,qwen 14b (2.5),small_balanced_2v2,0,session_20260324_130956,182,0,0,,894.571432829,,0,200,0,910,,0,0,Battery-TA-RWARE/results/shelf/shared_context_llm_experiments/JSON/session_20260324_130956/qwen2.5_14b/small_balanced_2v2/json/summary.json
Shelf Deliveries,Shared,Json,qwen 14b (2.5),small_agv_heavy_4v2,0,session_20260324_130956,69,0,0,,262.064704418,,0,200,0,345,,0,0,Battery-TA-RWARE/results/shelf/shared_context_llm_experiments/JSON/session_20260324_130956/qwen2.5_14b/small_agv_heavy_4v2/json/summary.json
Shelf Deliveries,Shared,Json,qwen 14b (2.5),medium_balanced_4v4,0,session_20260324_130956,273,0,0,,909.009046555,,0,200,0,1365,,0,0,Battery-TA-RWARE/results/shelf/shared_context_llm_experiments/JSON/session_20260324_130956/qwen2.5_14b/medium_balanced_4v4/json/summary.json
Shelf Deliveries,Shared,Json,qwen 14b (2.5),medium_agv_heavy_6v2,0,session_20260324_130956,359,0,0,,1346.20966506,,0,200,0,1795,,0,0,Battery-TA-RWARE/results/shelf/shared_context_llm_experiments/JSON/session_20260324_130956/qwen2.5_14b/medium_agv_heavy_6v2/json/summary.json
Shelf Deliveries,Shared,Natural,llama 1b (3.2),tiny_balanced_1v1,0,session_20260321_215949,122,NA,2,,798.503690004,153,1,353,2.8328611898,345.609065156,122,0.016393442623,NA,Battery-TA-RWARE/results/shelf/shared_context_llm_experiments/natural/session_20260321_215949/llama3.2_1b/tiny_balanced_1v1/language/summary.json
Shelf Deliveries,Shared,Natural,llama 1b (3.2),small_picker_heavy_2v4,0,session_20260321_215949,278,NA,3,,1638.63604212,174,1,374,2.67379679144,743.315508021,278,0.0107913669065,NA,Battery-TA-RWARE/results/shelf/shared_context_llm_experiments/natural/session_20260321_215949/llama3.2_1b/small_picker_heavy_2v4/language/summary.json
Shelf Deliveries,Shared,Natural,llama 1b (3.2),small_balanced_2v2,0,session_20260321_215949,102,NA,1,,1094.4612546,,0,200,0,510,,0.00980392156863,NA,Battery-TA-RWARE/results/shelf/shared_context_llm_experiments/natural/session_20260321_215949/llama3.2_1b/small_balanced_2v2/language/summary.json
Shelf Deliveries,Shared,Natural,llama 1b (3.2),small_agv_heavy_4v2,0,session_20260321_215949,260,NA,1,,924.396524906,141,1,341,2.93255131965,762.463343109,260,0.00384615384615,NA,Battery-TA-RWARE/results/shelf/shared_context_llm_experiments/natural/session_20260321_215949/llama3.2_1b/small_agv_heavy_4v2/language/summary.json
Shelf Deliveries,Shared,Natural,llama 1b (3.2),medium_balanced_4v4,0,session_20260321_215949,177,NA,1,,516.832360744,,0,200,0,885,,0.00564971751412,NA,Battery-TA-RWARE/results/shelf/shared_context_llm_experiments/natural/session_20260321_215949/llama3.2_1b/medium_balanced_4v4/language/summary.json
Shelf Deliveries,Shared,Natural,llama 1b (3.2),medium_agv_heavy_6v2,0,session_20260321_215949,142,NA,1,,583.328473806,,0,200,0,710,,0.00704225352113,NA,Battery-TA-RWARE/results/shelf/shared_context_llm_experiments/natural/session_20260321_215949/llama3.2_1b/medium_agv_heavy_6v2/language/summary.json
Shelf Deliveries,Shared,Natural,llama 3b (3.2),tiny_balanced_1v1,0,session_20260321_215949,90,NA,0,,487.372583389,70,1,270,3.7037037037,333.333333333,90,0,NA,Battery-TA-RWARE/results/shelf/shared_context_llm_experiments/natural/session_20260321_215949/llama3.2_3b/tiny_balanced_1v1/language/summary.json
Shelf Deliveries,Shared,Natural,llama 3b (3.2),small_picker_heavy_2v4,0,session_20260321_215949,159,NA,0,,588.034427643,,0,200,0,795,,0,NA,Battery-TA-RWARE/results/shelf/shared_context_llm_experiments/natural/session_20260321_215949/llama3.2_3b/small_picker_heavy_2v4/language/summary.json
Shelf Deliveries,Shared,Natural,llama 3b (3.2),small_balanced_2v2,0,session_20260321_215949,224,NA,0,,1046.45277691,135,2,341,5.8651026393,656.891495601,112,0,NA,Battery-TA-RWARE/results/shelf/shared_context_llm_experiments/natural/session_20260321_215949/llama3.2_3b/small_balanced_2v2/language/summary.json
Shelf Deliveries,Shared,Natural,llama 3b (3.2),small_agv_heavy_4v2,0,session_20260321_215949,355,NA,0,,1460.98703289,169,1,369,2.71002710027,962.059620596,355,0,NA,Battery-TA-RWARE/results/shelf/shared_context_llm_experiments/natural/session_20260321_215949/llama3.2_3b/small_agv_heavy_4v2/language/summary.json
Shelf Deliveries,Shared,Natural,llama 3b (3.2),medium_balanced_4v4,0,session_20260321_215949,363,NA,0,,2282.14083052,151,2,416,4.80769230769,872.596153846,181.5,0,NA,Battery-TA-RWARE/results/shelf/shared_context_llm_experiments/natural/session_20260321_215949/llama3.2_3b/medium_balanced_4v4/language/summary.json
Shelf Deliveries,Shared,Natural,llama 3b (3.2),medium_agv_heavy_6v2,0,session_20260321_215949,109,NA,0,,397.768898487,,0,200,0,545,,0,NA,Battery-TA-RWARE/results/shelf/shared_context_llm_experiments/natural/session_20260321_215949/llama3.2_3b/medium_agv_heavy_6v2/language/summary.json
Shelf Deliveries,Shared,Natural,mistral 7b,tiny_balanced_1v1,0,session_20260321_215949,67,NA,0,,566.381749153,84,1,284,3.52112676056,235.915492958,67,0,NA,Battery-TA-RWARE/results/shelf/shared_context_llm_experiments/natural/session_20260321_215949/mistral_7b/tiny_balanced_1v1/language/summary.json
Shelf Deliveries,Shared,Natural,mistral 7b,small_picker_heavy_2v4,0,session_20260321_215949,353,NA,0,,3324.30512595,199,1,399,2.50626566416,884.711779449,353,0,NA,Battery-TA-RWARE/results/shelf/shared_context_llm_experiments/natural/session_20260321_215949/mistral_7b/small_picker_heavy_2v4/language/summary.json
Shelf Deliveries,Shared,Natural,mistral 7b,small_balanced_2v2,0,session_20260321_215949,283,NA,0,,2545.35112762,59,2,346,5.78034682081,817.919075145,141.5,0,NA,Battery-TA-RWARE/results/shelf/shared_context_llm_experiments/natural/session_20260321_215949/mistral_7b/small_balanced_2v2/language/summary.json
Shelf Deliveries,Shared,Natural,mistral 7b,small_agv_heavy_4v2,0,session_20260321_215949,125,NA,0,,1461.93030047,,0,200,0,625,,0,NA,Battery-TA-RWARE/results/shelf/shared_context_llm_experiments/natural/session_20260321_215949/mistral_7b/small_agv_heavy_4v2/language/summary.json
Shelf Deliveries,Shared,Natural,mistral 7b,medium_balanced_4v4,0,session_20260321_215949,323,NA,17,,6649.32896852,,0,200,0,1615,,0.0526315789474,NA,Battery-TA-RWARE/results/shelf/shared_context_llm_experiments/natural/session_20260321_215949/mistral_7b/medium_balanced_4v4/language/summary.json
Shelf Deliveries,Shared,Natural,mistral 7b,medium_agv_heavy_6v2,0,session_20260321_215949,397,NA,31,,8983.11440253,,0,200,0,1985,,0.0780856423174,NA,Battery-TA-RWARE/results/shelf/shared_context_llm_experiments/natural/session_20260321_215949/mistral_7b/medium_agv_heavy_6v2/language/summary.json
Shelf Deliveries,Shared,Natural,gemma 12b,tiny_balanced_1v1,0,session_20260321_215949,147,NA,0,,355.687686205,83,1,283,3.53356890459,519.434628975,147,0,NA,Battery-TA-RWARE/results/shelf/shared_context_llm_experiments/natural/session_20260321_215949/gemma3_12b/tiny_balanced_1v1/language/summary.json
Shelf Deliveries,Shared,Natural,gemma 12b,small_picker_heavy_2v4,0,session_20260321_215949,343,NA,0,,708.870644093,,0,200,0,1715,,0,NA,Battery-TA-RWARE/results/shelf/shared_context_llm_experiments/natural/session_20260321_215949/gemma3_12b/small_picker_heavy_2v4/language/summary.json
Shelf Deliveries,Shared,Natural,gemma 12b,small_balanced_2v2,0,session_20260321_215949,274,NA,0,,696.034386635,132,1,332,3.01204819277,825.301204819,274,0,NA,Battery-TA-RWARE/results/shelf/shared_context_llm_experiments/natural/session_20260321_215949/gemma3_12b/small_balanced_2v2/language/summary.json
Shelf Deliveries,Shared,Natural,gemma 12b,small_agv_heavy_4v2,0,session_20260321_215949,272,NA,0,,858.55447793,75,1,275,3.63636363636,989.090909091,272,0,NA,Battery-TA-RWARE/results/shelf/shared_context_llm_experiments/natural/session_20260321_215949/gemma3_12b/small_agv_heavy_4v2/language/summary.json
Shelf Deliveries,Shared,Natural,gemma 12b,medium_balanced_4v4,0,session_20260321_215949,369,NA,2,,998.727628231,,0,200,0,1845,,0.00542005420054,NA,Battery-TA-RWARE/results/shelf/shared_context_llm_experiments/natural/session_20260321_215949/gemma3_12b/medium_balanced_4v4/language/summary.json
Shelf Deliveries,Shared,Natural,gemma 12b,medium_agv_heavy_6v2,0,session_20260321_215949,368,NA,1,,1099.43832469,,0,200,0,1840,,0.00271739130435,NA,Battery-TA-RWARE/results/shelf/shared_context_llm_experiments/natural/session_20260321_215949/gemma3_12b/medium_agv_heavy_6v2/language/summary.json
Shelf Deliveries,Shared,Natural,phi4,tiny_balanced_1v1,0,session_20260321_215949,151,NA,0,,1271.09845471,79,1,279,3.58422939068,541.218637993,151,0,NA,Battery-TA-RWARE/results/shelf/shared_context_llm_experiments/natural/session_20260321_215949/phi4/tiny_balanced_1v1/language/summary.json
Shelf Deliveries,Shared,Natural,phi4,small_picker_heavy_2v4,0,session_20260321_215949,127,NA,0,,1019.81371045,,0,200,0,635,,0,NA,Battery-TA-RWARE/results/shelf/shared_context_llm_experiments/natural/session_20260321_215949/phi4/small_picker_heavy_2v4/language/summary.json
Shelf Deliveries,Shared,Natural,phi4,small_balanced_2v2,0,session_20260321_215949,129,NA,0,,1091.91343093,,0,200,0,645,,0,NA,Battery-TA-RWARE/results/shelf/shared_context_llm_experiments/natural/session_20260321_215949/phi4/small_balanced_2v2/language/summary.json
Shelf Deliveries,Shared,Natural,phi4,small_agv_heavy_4v2,0,session_20260321_215949,168,NA,0,,1525.12718582,,0,200,0,840,,0,NA,Battery-TA-RWARE/results/shelf/shared_context_llm_experiments/natural/session_20260321_215949/phi4/small_agv_heavy_4v2/language/summary.json
Shelf Deliveries,Shared,Natural,phi4,medium_balanced_4v4,0,session_20260321_215949,345,NA,0,,2983.63173342,,0,200,0,1725,,0,NA,Battery-TA-RWARE/results/shelf/shared_context_llm_experiments/natural/session_20260321_215949/phi4/medium_balanced_4v4/language/summary.json
Shelf Deliveries,Shared,Natural,phi4,medium_agv_heavy_6v2,0,session_20260321_215949,353,NA,0,,3236.72601128,115,1,315,3.1746031746,1120.63492063,353,0,NA,Battery-TA-RWARE/results/shelf/shared_context_llm_experiments/natural/session_20260321_215949/phi4/medium_agv_heavy_6v2/language/summary.json
Shelf Deliveries,Shared,Natural,qwen 14b (2.5),tiny_balanced_1v1,0,session_20260321_215949,163,NA,0,,310.160721779,78,1,278,3.59712230216,586.330935252,163,0,NA,Battery-TA-RWARE/results/shelf/shared_context_llm_experiments/natural/session_20260321_215949/qwen2.5_14b/tiny_balanced_1v1/language/summary.json
Shelf Deliveries,Shared,Natural,qwen 14b (2.5),small_picker_heavy_2v4,0,session_20260321_215949,187,NA,0,,462.689125061,,0,200,0,935,,0,NA,Battery-TA-RWARE/results/shelf/shared_context_llm_experiments/natural/session_20260321_215949/qwen2.5_14b/small_picker_heavy_2v4/language/summary.json
Shelf Deliveries,Shared,Natural,qwen 14b (2.5),small_balanced_2v2,0,session_20260321_215949,207,NA,0,,588.673070431,71,1,271,3.69003690037,763.837638376,207,0,NA,Battery-TA-RWARE/results/shelf/shared_context_llm_experiments/natural/session_20260321_215949/qwen2.5_14b/small_balanced_2v2/language/summary.json
Shelf Deliveries,Shared,Natural,qwen 14b (2.5),small_agv_heavy_4v2,0,session_20260321_215949,361,NA,1,,1272.1483295,93,2,373,5.36193029491,967.828418231,180.5,0.00277008310249,NA,Battery-TA-RWARE/results/shelf/shared_context_llm_experiments/natural/session_20260321_215949/qwen2.5_14b/small_agv_heavy_4v2/language/summary.json
Shelf Deliveries,Shared,Natural,qwen 14b (2.5),medium_balanced_4v4,0,session_20260321_215949,166,NA,0,,660.415882826,,0,200,0,830,,0,NA,Battery-TA-RWARE/results/shelf/shared_context_llm_experiments/natural/session_20260321_215949/qwen2.5_14b/medium_balanced_4v4/language/summary.json
Shelf Deliveries,Shared,Natural,qwen 14b (2.5),medium_agv_heavy_6v2,0,session_20260321_215949,427,NA,1,,1849.97412467,157,3,488,6.14754098361,875,142.333333333,0.00234192037471,NA,Battery-TA-RWARE/results/shelf/shared_context_llm_experiments/natural/session_20260321_215949/qwen2.5_14b/medium_agv_heavy_6v2/language/summary.json
Battery,Centralized,Natural,gemma 12b,tiny_balanced_1v1,0,session_cps_20260524,1136,NA,0,0.191304347826,14263.2819526,111,6,1495,4.01337792642,759.866220736,189.333333333,0,NA,Battery-TA-RWARE/results/battery/centralized/natural/session_cps_20260524/gemma3_12b/tiny_balanced_1v1/language/summary.json
Battery,Centralized,Natural,gemma 12b,small_balanced_2v2,0,session_cps_20260524,1094,NA,10,0.144182389937,18919.9043648,167,10,1590,6.2893081761,688.050314465,109.4,0.0091407678245,NA,Battery-TA-RWARE/results/battery/centralized/natural/session_cps_20260524/gemma3_12b/small_balanced_2v2/language/summary.json
Battery,Centralized,Natural,gemma 12b,small_agv_heavy_4v2,0,session_cps_20260524,697,NA,111,0.0984960552268,12591.5819538,31,9,1352,6.65680473373,515.532544379,77.4444444444,0.159253945481,NA,Battery-TA-RWARE/results/battery/centralized/natural/session_cps_20260524/gemma3_12b/small_agv_heavy_4v2/language/summary.json
Battery,Centralized,Natural,gemma 12b,medium_balanced_4v4,0,session_cps_20260524,951,NA,181,0.12474507138,18015.9587958,59,8,1471,5.43847722638,646.498980286,118.875,0.19032597266,NA,Battery-TA-RWARE/results/battery/centralized/natural/session_cps_20260524/gemma3_12b/medium_balanced_4v4/language/summary.json
Battery,Centralized,Natural,gemma 12b,medium_agv_heavy_6v2,0,session_cps_20260524,622,NA,77,0.0726888667992,10817.3338346,76,4,1006,3.97614314115,618.290258449,155.5,0.123794212219,NA,Battery-TA-RWARE/results/battery/centralized/natural/session_cps_20260524/gemma3_12b/medium_agv_heavy_6v2/language/summary.json
Battery,Shared,Natural,llama 1b (3.2),tiny_balanced_1v1,0,session_cps_20260521,431,NA,0,0.289820359281,167.938685417,84,4,835,4.79041916168,516.167664671,107.75,0,NA,Battery-TA-RWARE/results/battery/shared/natural/session_cps_20260521/llama3.2_1b/tiny_balanced_1v1/language/summary.json
Battery,Shared,Natural,llama 1b (3.2),tiny_balanced_1v1,100,session_cps_20260523,615,NA,0,0.30152284264,240.724218369,32,3,985,3.04568527919,624.365482234,205,0,NA,Battery-TA-RWARE/results/battery/shared/natural/session_cps_20260523/llama3.2_1b/tiny_balanced_1v1/language/summary.json
Battery,Shared,Natural,llama 1b (3.2),tiny_balanced_1v1,100,session_cps_20260533,460,NA,0,0.12625250501,197.587268353,98,6,998,6.0120240481,460.921843687,76.6666666667,0,NA,Battery-TA-RWARE/results/battery/shared/natural/session_cps_20260533/llama3.2_1b/tiny_balanced_1v1/language/summary.json
Battery,Shared,Natural,llama 1b (3.2),tiny_balanced_1v1,100,session_cps_20260534,952,NA,0,0.158875552748,402.527227879,32,7,1583,4.42198357549,601.389766267,136,0,NA,Battery-TA-RWARE/results/battery/shared/natural/session_cps_20260534/llama3.2_1b/tiny_balanced_1v1/language/summary.json
Battery,Shared,Natural,llama 1b (3.2),small_picker_heavy_2v4,0,session_cps_20260521,1981,NA,0,0.0221354166667,2077.04222941,40,3,640,4.6875,3095.3125,660.333333333,0,NA,Battery-TA-RWARE/results/battery/shared/natural/session_cps_20260521/llama3.2_1b/small_picker_heavy_2v4/language/summary.json
Battery,Shared,Natural,llama 1b (3.2),small_picker_heavy_2v4,100,session_cps_20260523,1939,NA,0,0.29777486911,1620.48160768,42,4,764,5.23560209424,2537.95811518,484.75,0,NA,Battery-TA-RWARE/results/battery/shared/natural/session_cps_20260523/llama3.2_1b/small_picker_heavy_2v4/language/summary.json
Battery,Shared,Natural,llama 1b (3.2),small_picker_heavy_2v4,100,session_cps_20260533,2290,NA,0,0.430697674419,1234.78653669,41,7,1075,6.51162790698,2130.23255814,327.142857143,0,NA,Battery-TA-RWARE/results/battery/shared/natural/session_cps_20260533/llama3.2_1b/small_picker_heavy_2v4/language/summary.json
Battery,Shared,Natural,llama 1b (3.2),small_picker_heavy_2v4,100,session_cps_20260534,2524,NA,0,0.501604106513,1312.4565928,39,6,1039,5.77478344562,2429.25890279,420.666666667,0,NA,Battery-TA-RWARE/results/battery/shared/natural/session_cps_20260534/llama3.2_1b/small_picker_heavy_2v4/language/summary.json
Battery,Shared,Natural,llama 1b (3.2),small_balanced_2v2,0,session_cps_20260521,193,NA,0,0.1065,151.15136528,,0,500,0,386,,0,NA,Battery-TA-RWARE/results/battery/shared/natural/session_cps_20260521/llama3.2_1b/small_balanced_2v2/language/summary.json
Battery,Shared,Natural,llama 1b (3.2),small_balanced_2v2,100,session_cps_20260523,2284,NA,0,0.157293713163,1408.91341949,45,14,2036,6.87622789784,1121.80746562,163.142857143,0,NA,Battery-TA-RWARE/results/battery/shared/natural/session_cps_20260523/llama3.2_1b/small_balanced_2v2/language/summary.json
Battery,Shared,Natural,llama 1b (3.2),small_balanced_2v2,100,session_cps_20260533,1515,NA,0,0.233289930556,944.951615572,60,7,1152,6.07638888889,1315.10416667,216.428571429,0,NA,Battery-TA-RWARE/results/battery/shared/natural/session_cps_20260533/llama3.2_1b/small_balanced_2v2/language/summary.json
Battery,Shared,Natural,llama 1b (3.2),small_balanced_2v2,100,session_cps_20260534,1128,NA,0,0.111085556578,791.424335241,87,5,1087,4.59981600736,1037.71849126,225.6,0,NA,Battery-TA-RWARE/results/battery/shared/natural/session_cps_20260534/llama3.2_1b/small_balanced_2v2/language/summary.json
Battery,Shared,Natural,llama 1b (3.2),small_agv_heavy_4v2,0,session_cps_20260521,1530,NA,0,0.129604365621,1059.54345536,48,5,733,6.82128240109,2087.31241473,306,0,NA,Battery-TA-RWARE/results/battery/shared/natural/session_cps_20260521/llama3.2_1b/small_agv_heavy_4v2/language/summary.json
Battery,Shared,Natural,llama 1b (3.2),small_agv_heavy_4v2,100,session_cps_20260523,1640,NA,0,0.127431906615,1163.01134157,38,10,1028,9.72762645914,1595.3307393,164,0,NA,Battery-TA-RWARE/results/battery/shared/natural/session_cps_20260523/llama3.2_1b/small_agv_heavy_4v2/language/summary.json
Battery,Shared,Natural,llama 1b (3.2),small_agv_heavy_4v2,100,session_cps_20260533,2146,NA,0,0.135017421603,1547.10139918,38,14,1148,12.1951219512,1869.33797909,153.285714286,0,NA,Battery-TA-RWARE/results/battery/shared/natural/session_cps_20260533/llama3.2_1b/small_agv_heavy_4v2/language/summary.json
Battery,Shared,Natural,llama 1b (3.2),small_agv_heavy_4v2,100,session_cps_20260534,3353,NA,0,0.138100245356,2348.760957,38,19,1902,9.98948475289,1762.88117771,176.473684211,0,NA,Battery-TA-RWARE/results/battery/shared/natural/session_cps_20260534/llama3.2_1b/small_agv_heavy_4v2/language/summary.json
Battery,Shared,Natural,llama 1b (3.2),medium_balanced_4v4,0,session_cps_20260521,2910,NA,0,0.0196520618557,3658.97332096,43,5,776,6.44329896907,3750,582,0,NA,Battery-TA-RWARE/results/battery/shared/natural/session_cps_20260521/llama3.2_1b/medium_balanced_4v4/language/summary.json
Battery,Shared,Natural,llama 1b (3.2),medium_balanced_4v4,100,session_cps_20260523,4051,NA,0,0.0552567661346,5833.5986917,41,15,1441,10.4094378904,2811.24219292,270.066666667,0,NA,Battery-TA-RWARE/results/battery/shared/natural/session_cps_20260523/llama3.2_1b/medium_balanced_4v4/language/summary.json
Battery,Shared,Natural,llama 1b (3.2),medium_balanced_4v4,100,session_cps_20260533,3696,NA,0,0.0420454545455,7296.60681033,41,10,1100,9.09090909091,3360,369.6,0,NA,Battery-TA-RWARE/results/battery/shared/natural/session_cps_20260533/llama3.2_1b/medium_balanced_4v4/language/summary.json
Battery,Shared,Natural,llama 1b (3.2),medium_balanced_4v4,100,session_cps_20260534,1380,NA,0,0.0159259259259,2893.98811555,53,7,675,10.3703703704,2044.44444444,197.142857143,0,NA,Battery-TA-RWARE/results/battery/shared/natural/session_cps_20260534/llama3.2_1b/medium_balanced_4v4/language/summary.json
Battery,Shared,Natural,llama 1b (3.2),medium_agv_heavy_6v2,0,session_cps_20260521,2819,NA,0,0.0606851179673,3360.71352363,45,8,1102,7.25952813067,2558.07622505,352.375,0,NA,Battery-TA-RWARE/results/battery/shared/natural/session_cps_20260521/llama3.2_1b/medium_agv_heavy_6v2/language/summary.json
Battery,Shared,Natural,llama 1b (3.2),medium_agv_heavy_6v2,100,session_cps_20260523,1445,NA,0,0.00752032520325,3270.82688475,38,4,615,6.50406504065,2349.59349593,361.25,0,NA,Battery-TA-RWARE/results/battery/shared/natural/session_cps_20260523/llama3.2_1b/medium_agv_heavy_6v2/language/summary.json
Battery,Shared,Natural,llama 1b (3.2),medium_agv_heavy_6v2,100,session_cps_20260533,1435,NA,0,0.00816082802548,1884.17433429,40,7,628,11.1464968153,2285.03184713,205,0,NA,Battery-TA-RWARE/results/battery/shared/natural/session_cps_20260533/llama3.2_1b/medium_agv_heavy_6v2/language/summary.json
Battery,Shared,Natural,llama 1b (3.2),medium_agv_heavy_6v2,100,session_cps_20260534,1932,NA,0,0.0085969738652,3242.48050022,40,8,727,11.0041265475,2657.49656121,241.5,0,NA,Battery-TA-RWARE/results/battery/shared/natural/session_cps_20260534/llama3.2_1b/medium_agv_heavy_6v2/language/summary.json
Battery,Shared,Natural,llama 3b (3.2),tiny_balanced_1v1,0,session_cps_20260521,1493,NA,0,0.142668078348,2496.37496638,37,20,1889,10.5876124934,790.365272631,74.65,0,NA,Battery-TA-RWARE/results/battery/shared/natural/session_cps_20260521/llama3.2_3b/tiny_balanced_1v1/language/summary.json
Battery,Shared,Natural,llama 3b (3.2),tiny_balanced_1v1,100,session_cps_20260523,1493,NA,0,0.253929866989,2419.81944609,43,10,1654,6.04594921403,902.660217654,149.3,0,NA,Battery-TA-RWARE/results/battery/shared/natural/session_cps_20260523/llama3.2_3b/tiny_balanced_1v1/language/summary.json
Battery,Shared,Natural,llama 3b (3.2),tiny_balanced_1v1,100,session_cps_20260533,923,NA,0,0.419889502762,1535.47334433,43,1,543,1.84162062615,1699.81583794,923,0,NA,Battery-TA-RWARE/results/battery/shared/natural/session_cps_20260533/llama3.2_3b/tiny_balanced_1v1/language/summary.json
Battery,Shared,Natural,llama 3b (3.2),tiny_balanced_1v1,100,session_cps_20260534,923,NA,0,0.419889502762,1539.32954526,43,1,543,1.84162062615,1699.81583794,923,0,NA,Battery-TA-RWARE/results/battery/shared/natural/session_cps_20260534/llama3.2_3b/tiny_balanced_1v1/language/summary.json
Battery,Shared,Natural,llama 3b (3.2),small_picker_heavy_2v4,0,session_cps_20260521,2779,NA,0,0.0677822853279,7124.69441605,31,8,986,8.11359026369,2818.45841785,347.375,0,NA,Battery-TA-RWARE/results/battery/shared/natural/session_cps_20260521/llama3.2_3b/small_picker_heavy_2v4/language/summary.json
Battery,Shared,Natural,llama 3b (3.2),small_picker_heavy_2v4,100,session_cps_20260523,4013,NA,0,0.162116716123,8229.75373197,43,20,1685,11.8694362018,2381.60237389,200.65,0,NA,Battery-TA-RWARE/results/battery/shared/natural/session_cps_20260523/llama3.2_3b/small_picker_heavy_2v4/language/summary.json
Battery,Shared,Natural,llama 3b (3.2),small_picker_heavy_2v4,100,session_cps_20260533,5370,NA,0,0.191176470588,10677.0254676,43,20,2176,9.19117647059,2467.83088235,268.5,0,NA,Battery-TA-RWARE/results/battery/shared/natural/session_cps_20260533/llama3.2_3b/small_picker_heavy_2v4/language/summary.json
Battery,Shared,Natural,llama 3b (3.2),small_picker_heavy_2v4,100,session_cps_20260534,5047,NA,0,0.1805342862,10406.5841117,43,20,1959,10.2092904543,2576.31444615,252.35,0,NA,Battery-TA-RWARE/results/battery/shared/natural/session_cps_20260534/llama3.2_3b/small_picker_heavy_2v4/language/summary.json
Battery,Shared,Natural,llama 3b (3.2),small_balanced_2v2,0,session_cps_20260521,2169,NA,0,0.201898734177,4087.82183099,70,9,1185,7.59493670886,1830.37974684,241,0,NA,Battery-TA-RWARE/results/battery/shared/natural/session_cps_20260521/llama3.2_3b/small_balanced_2v2/language/summary.json
Battery,Shared,Natural,llama 3b (3.2),small_balanced_2v2,100,session_cps_20260523,1191,NA,0,0.171493902439,2241.04374623,46,3,656,4.57317073171,1815.54878049,397,0,NA,Battery-TA-RWARE/results/battery/shared/natural/session_cps_20260523/llama3.2_3b/small_balanced_2v2/language/summary.json
Battery,Shared,Natural,llama 3b (3.2),small_balanced_2v2,100,session_cps_20260533,3616,NA,0,0.21511627907,6838.89429808,198,14,2494,5.6134723336,1449.87971131,258.285714286,0,NA,Battery-TA-RWARE/results/battery/shared/natural/session_cps_20260533/llama3.2_3b/small_balanced_2v2/language/summary.json
Battery,Shared,Natural,llama 3b (3.2),small_balanced_2v2,100,session_cps_20260534,1646,NA,0,0.153624856157,3171.298033,50,4,869,4.60299194476,1894.13118527,411.5,0,NA,Battery-TA-RWARE/results/battery/shared/natural/session_cps_20260534/llama3.2_3b/small_balanced_2v2/language/summary.json
Battery,Shared,Natural,llama 3b (3.2),small_agv_heavy_4v2,0,session_cps_20260521,2104,NA,0,0.124722838137,4488.57817936,31,20,902,22.1729490022,2332.59423503,105.2,0,NA,Battery-TA-RWARE/results/battery/shared/natural/session_cps_20260521/llama3.2_3b/small_agv_heavy_4v2/language/summary.json
Battery,Shared,Natural,llama 3b (3.2),small_agv_heavy_4v2,100,session_cps_20260523,2254,NA,0,0.131864623244,4840.85212159,45,20,1044,19.1570881226,2159.00383142,112.7,0,NA,Battery-TA-RWARE/results/battery/shared/natural/session_cps_20260523/llama3.2_3b/small_agv_heavy_4v2/language/summary.json
Battery,Shared,Natural,llama 3b (3.2),small_agv_heavy_4v2,100,session_cps_20260533,2733,NA,0,0.128098022835,5778.18440199,45,20,1197,16.7084377611,2283.20802005,136.65,0,NA,Battery-TA-RWARE/results/battery/shared/natural/session_cps_20260533/llama3.2_3b/small_agv_heavy_4v2/language/summary.json
Battery,Shared,Natural,llama 3b (3.2),small_agv_heavy_4v2,100,session_cps_20260534,1123,NA,0,0.0369214768591,2943.9660697,45,4,641,6.24024960998,1751.950078,280.75,0,NA,Battery-TA-RWARE/results/battery/shared/natural/session_cps_20260534/llama3.2_3b/small_agv_heavy_4v2/language/summary.json
Battery,Shared,Natural,llama 3b (3.2),medium_balanced_4v4,0,session_cps_20260521,3659,NA,0,0.112903225806,10518.7017999,49,20,1333,15.0037509377,2744.93623406,182.95,0,NA,Battery-TA-RWARE/results/battery/shared/natural/session_cps_20260521/llama3.2_3b/medium_balanced_4v4/language/summary.json
Battery,Shared,Natural,llama 3b (3.2),medium_balanced_4v4,100,session_cps_20260523,3509,NA,0,0.0729082864039,11614.5277896,28,17,1243,13.6765888978,2823.00884956,206.411764706,0,NA,Battery-TA-RWARE/results/battery/shared/natural/session_cps_20260523/llama3.2_3b/medium_balanced_4v4/language/summary.json
Battery,Shared,Natural,llama 3b (3.2),medium_balanced_4v4,100,session_cps_20260533,1926,NA,0,0.0337457817773,7002.11058044,28,8,889,8.99887514061,2166.4791901,240.75,0,NA,Battery-TA-RWARE/results/battery/shared/natural/session_cps_20260533/llama3.2_3b/medium_balanced_4v4/language/summary.json
Battery,Shared,Natural,llama 3b (3.2),medium_balanced_4v4,100,session_cps_20260534,3025,NA,0,0.139944275583,8395.95011544,32,20,987,20.2634245187,3064.84295846,151.25,0,NA,Battery-TA-RWARE/results/battery/shared/natural/session_cps_20260534/llama3.2_3b/medium_balanced_4v4/language/summary.json
Battery,Shared,Natural,llama 3b (3.2),medium_agv_heavy_6v2,0,session_cps_20260521,1991,NA,0,0.0309418145957,7025.09745741,40,12,1014,11.8343195266,1963.51084813,165.916666667,0,NA,Battery-TA-RWARE/results/battery/shared/natural/session_cps_20260521/llama3.2_3b/medium_agv_heavy_6v2/language/summary.json
Battery,Shared,Natural,llama 3b (3.2),medium_agv_heavy_6v2,100,session_cps_20260523,2626,NA,0,0.1762485482,6657.60533929,40,20,861,23.2288037166,3049.94192799,131.3,0,NA,Battery-TA-RWARE/results/battery/shared/natural/session_cps_20260523/llama3.2_3b/medium_agv_heavy_6v2/language/summary.json
Battery,Shared,Natural,llama 3b (3.2),medium_agv_heavy_6v2,100,session_cps_20260533,2948,NA,0,0.130349686848,7851.51379848,60,20,958,20.8768267223,3077.24425887,147.4,0,NA,Battery-TA-RWARE/results/battery/shared/natural/session_cps_20260533/llama3.2_3b/medium_agv_heavy_6v2/language/summary.json
Battery,Shared,Natural,llama 3b (3.2),medium_agv_heavy_6v2,100,session_cps_20260534,2510,NA,0,0.143822393822,6606.32056475,40,20,777,25.74002574,3230.37323037,125.5,0,NA,Battery-TA-RWARE/results/battery/shared/natural/session_cps_20260534/llama3.2_3b/medium_agv_heavy_6v2/language/summary.json
Battery,Shared,Natural,mistral 7b,tiny_balanced_1v1,0,session_cps_20260521,942,NA,0,0.265575501584,918.007369041,34,7,947,7.39176346357,994.720168955,134.571428571,0,NA,Battery-TA-RWARE/results/battery/shared/natural/session_cps_20260521/mistral_7b/tiny_balanced_1v1/language/summary.json
Battery,Shared,Natural,mistral 7b,tiny_balanced_1v1,100,session_cps_20260523,1328,NA,0,0.244195688226,1331.35572004,170,9,1206,7.46268656716,1101.16086235,147.555555556,0,NA,Battery-TA-RWARE/results/battery/shared/natural/session_cps_20260523/mistral_7b/tiny_balanced_1v1/language/summary.json
Battery,Shared,Natural,mistral 7b,tiny_balanced_1v1,100,session_cps_20260533,1278,NA,622,0.26186440678,52645.3217576,90,6,1180,5.08474576271,1083.05084746,213,0.486697965571,NA,Battery-TA-RWARE/results/battery/shared/natural/session_cps_20260533/mistral_7b/tiny_balanced_1v1/language/summary.json
Battery,Shared,Natural,mistral 7b,tiny_balanced_1v1,100,session_cps_20260534,1185,NA,0,0.259107468124,1162.66066718,129,8,1098,7.28597449909,1079.23497268,148.125,0,NA,Battery-TA-RWARE/results/battery/shared/natural/session_cps_20260534/mistral_7b/tiny_balanced_1v1/language/summary.json
Battery,Shared,Natural,mistral 7b,small_picker_heavy_2v4,0,session_cps_20260521,2249,NA,0,0.249775985663,3510.65417266,24,5,744,6.72043010753,3022.84946237,449.8,0,NA,Battery-TA-RWARE/results/battery/shared/natural/session_cps_20260521/mistral_7b/small_picker_heavy_2v4/language/summary.json
Battery,Shared,Natural,mistral 7b,small_picker_heavy_2v4,100,session_cps_20260523,1879,NA,1,0.328220858896,2780.44257712,43,2,652,3.06748466258,2881.90184049,939.5,0.000532197977648,NA,Battery-TA-RWARE/results/battery/shared/natural/session_cps_20260523/mistral_7b/small_picker_heavy_2v4/language/summary.json
Battery,Shared,Natural,mistral 7b,small_picker_heavy_2v4,100,session_cps_20260534,3568,NA,1,0.228533094812,5612.41795492,43,7,1118,6.26118067979,3191.41323792,509.714285714,0.000280269058296,NA,Battery-TA-RWARE/results/battery/shared/natural/session_cps_20260534/mistral_7b/small_picker_heavy_2v4/language/summary.json
Battery,Shared,Natural,mistral 7b,small_balanced_2v2,0,session_cps_20260521,1074,NA,0,0.170377541142,1388.57082343,39,5,1033,4.84027105518,1039.69022265,214.8,0,NA,Battery-TA-RWARE/results/battery/shared/natural/session_cps_20260521/mistral_7b/small_balanced_2v2/language/summary.json
Battery,Shared,Natural,mistral 7b,small_balanced_2v2,100,session_cps_20260523,2291,NA,0,0.283917682927,3297.45912123,57,9,1312,6.85975609756,1746.18902439,254.555555556,0,NA,Battery-TA-RWARE/results/battery/shared/natural/session_cps_20260523/mistral_7b/small_balanced_2v2/language/summary.json
Battery,Shared,Natural,mistral 7b,small_balanced_2v2,100,session_cps_20260534,2942,NA,1,0.220016207455,4426.53639555,57,13,1851,7.02323068612,1589.41112912,226.307692308,0.000339904826649,NA,Battery-TA-RWARE/results/battery/shared/natural/session_cps_20260534/mistral_7b/small_balanced_2v2/language/summary.json
Battery,Shared,Natural,mistral 7b,small_agv_heavy_4v2,0,session_cps_20260521,2114,NA,0,0.12696306127,3970.49666476,41,18,1507,11.9442601194,1402.78699403,117.444444444,0,NA,Battery-TA-RWARE/results/battery/shared/natural/session_cps_20260521/mistral_7b/small_agv_heavy_4v2/language/summary.json
Battery,Shared,Natural,mistral 7b,small_agv_heavy_4v2,100,session_cps_20260523,2620,NA,0,0.13610916725,4968.60016394,48,12,1429,8.39748075577,1833.44996501,218.333333333,0,NA,Battery-TA-RWARE/results/battery/shared/natural/session_cps_20260523/mistral_7b/small_agv_heavy_4v2/language/summary.json
Battery,Shared,Natural,mistral 7b,small_agv_heavy_4v2,100,session_cps_20260534,4777,NA,1,0.189484126984,8070.9275279,48,17,2352,7.22789115646,2031.03741497,281,0.000209336403601,NA,Battery-TA-RWARE/results/battery/shared/natural/session_cps_20260534/mistral_7b/small_agv_heavy_4v2/language/summary.json
Battery,Shared,Natural,mistral 7b,medium_balanced_4v4,0,session_cps_20260521,2851,NA,1,0.129578754579,7544.77281618,46,16,1911,8.37257980115,1491.88906332,178.1875,0.000350754121361,NA,Battery-TA-RWARE/results/battery/shared/natural/session_cps_20260521/mistral_7b/medium_balanced_4v4/language/summary.json
Battery,Shared,Natural,mistral 7b,medium_balanced_4v4,100,session_cps_20260523,4049,NA,0,0.262338560886,6940.95103788,49,6,1084,5.53505535055,3735.2398524,674.833333333,0,NA,Battery-TA-RWARE/results/battery/shared/natural/session_cps_20260523/mistral_7b/medium_balanced_4v4/language/summary.json
Battery,Shared,Natural,mistral 7b,medium_balanced_4v4,100,session_cps_20260534,3573,NA,0,0.164769410391,8219.30408883,49,16,1713,9.34033858727,2085.81436077,223.3125,0,NA,Battery-TA-RWARE/results/battery/shared/natural/session_cps_20260534/mistral_7b/medium_balanced_4v4/language/summary.json
Battery,Shared,Natural,mistral 7b,medium_agv_heavy_6v2,0,session_cps_20260521,2921,NA,0,0.1691360601,6313.53795362,40,16,1198,13.3555926544,2438.23038397,182.5625,0,NA,Battery-TA-RWARE/results/battery/shared/natural/session_cps_20260521/mistral_7b/medium_agv_heavy_6v2/language/summary.json
Battery,Shared,Natural,mistral 7b,medium_agv_heavy_6v2,100,session_cps_20260523,2069,NA,1,0.120494551551,4488.46759057,37,16,1193,13.4115674769,1734.28331936,129.3125,0.000483325277912,NA,Battery-TA-RWARE/results/battery/shared/natural/session_cps_20260523/mistral_7b/medium_agv_heavy_6v2/language/summary.json
Battery,Shared,Natural,mistral 7b,medium_agv_heavy_6v2,100,session_cps_20260534,2366,NA,0,0.0850840336134,5483.51698041,37,17,1071,15.873015873,2209.1503268,139.176470588,0,NA,Battery-TA-RWARE/results/battery/shared/natural/session_cps_20260534/mistral_7b/medium_agv_heavy_6v2/language/summary.json
Battery,Shared,Natural,gemma 12b,tiny_balanced_1v1,0,session_cps_20260521,182,NA,0,0.092523364486,426.504696131,35,1,535,1.8691588785,340.186915888,182,0,NA,Battery-TA-RWARE/results/battery/shared/natural/session_cps_20260521/gemma3_12b/tiny_balanced_1v1/language/summary.json
Battery,Shared,Natural,gemma 12b,tiny_balanced_1v1,100,session_cps_20260534,1357,NA,0,0.107711138311,3114.20164728,76,15,1634,9.17992656059,830.477356181,90.4666666667,0,NA,Battery-TA-RWARE/results/battery/shared/natural/session_cps_20260534/gemma3_12b/tiny_balanced_1v1/language/summary.json
Battery,Shared,Natural,gemma 12b,small_picker_heavy_2v4,0,session_cps_20260521,934,NA,0,0.14897039897,2821.08772469,24,4,1036,3.861003861,901.544401544,233.5,0,NA,Battery-TA-RWARE/results/battery/shared/natural/session_cps_20260521/gemma3_12b/small_picker_heavy_2v4/language/summary.json
Battery,Shared,Natural,gemma 12b,small_balanced_2v2,0,session_cps_20260521,161,NA,0,0.1025,461.788787365,,0,500,0,322,,0,NA,Battery-TA-RWARE/results/battery/shared/natural/session_cps_20260521/gemma3_12b/small_balanced_2v2/language/summary.json
Battery,Shared,Natural,gemma 12b,small_agv_heavy_4v2,0,session_cps_20260521,1103,NA,0,0.0808148645623,3480.11308551,41,9,1489,6.04432505037,740.765614506,122.555555556,0,NA,Battery-TA-RWARE/results/battery/shared/natural/session_cps_20260521/gemma3_12b/small_agv_heavy_4v2/language/summary.json
Battery,Shared,Natural,gemma 12b,medium_balanced_4v4,0,session_cps_20260521,1189,NA,0,0.117583436341,4737.10631418,46,6,809,7.41656365884,1469.71569839,198.166666667,0,NA,Battery-TA-RWARE/results/battery/shared/natural/session_cps_20260521/gemma3_12b/medium_balanced_4v4/language/summary.json
Battery,Shared,Natural,gemma 12b,medium_agv_heavy_6v2,0,session_cps_20260521,835,NA,0,0.0642744479495,3436.20307899,40,6,951,6.30914826498,878.023133544,139.166666667,0,NA,Battery-TA-RWARE/results/battery/shared/natural/session_cps_20260521/gemma3_12b/medium_agv_heavy_6v2/language/summary.json
Battery,Shared,Natural,phi4,tiny_balanced_1v1,0,session_cps_20260521,95,NA,0,0.119626168224,404.219730616,35,1,535,1.8691588785,177.570093458,95,0,NA,Battery-TA-RWARE/results/battery/shared/natural/session_cps_20260521/phi4/tiny_balanced_1v1/language/summary.json
Battery,Shared,Natural,phi4,small_picker_heavy_2v4,0,session_cps_20260521,2167,NA,0,0.169797979798,12284.0227804,24,12,1650,7.27272727273,1313.33333333,180.583333333,0,NA,Battery-TA-RWARE/results/battery/shared/natural/session_cps_20260521/phi4/small_picker_heavy_2v4/language/summary.json
Battery,Shared,Natural,phi4,small_balanced_2v2,0,session_cps_20260521,207,NA,0,0.10708041958,1125.11981416,72,1,572,1.74825174825,361.888111888,207,0,NA,Battery-TA-RWARE/results/battery/shared/natural/session_cps_20260521/phi4/small_balanced_2v2/language/summary.json
Battery,Shared,Natural,phi4,small_agv_heavy_4v2,0,session_cps_20260521,1084,NA,0,0.0860453648915,7388.73460054,41,10,1352,7.39644970414,801.775147929,108.4,0,NA,Battery-TA-RWARE/results/battery/shared/natural/session_cps_20260521/phi4/small_agv_heavy_4v2/language/summary.json
Battery,Shared,Natural,phi4,medium_balanced_4v4,0,session_cps_20260521,1158,NA,0,0.16393442623,9276.23914027,46,4,610,6.55737704918,1898.36065574,289.5,0,NA,Battery-TA-RWARE/results/battery/shared/natural/session_cps_20260521/phi4/medium_balanced_4v4/language/summary.json
Battery,Shared,Natural,phi4,medium_agv_heavy_6v2,0,session_cps_20260521,391,NA,0,0.0658623417722,2852.35229921,32,4,632,6.32911392405,618.670886076,97.75,0,NA,Battery-TA-RWARE/results/battery/shared/natural/session_cps_20260521/phi4/medium_agv_heavy_6v2/language/summary.json
Battery,Shared,Natural,qwen 14b (2.5),tiny_balanced_1v1,0,session_cps_20260521,182,NA,0,0.092523364486,364.649878025,35,1,535,1.8691588785,340.186915888,182,0,NA,Battery-TA-RWARE/results/battery/shared/natural/session_cps_20260521/qwen2.5_14b/tiny_balanced_1v1/language/summary.json
Battery,Shared,Natural,qwen 14b (2.5),small_picker_heavy_2v4,0,session_cps_20260521,2114,NA,0,0.133245382586,5450.19249749,24,9,1137,7.91556728232,1859.27880387,234.888888889,0,NA,Battery-TA-RWARE/results/battery/shared/natural/session_cps_20260521/qwen2.5_14b/small_picker_heavy_2v4/language/summary.json
Battery,Shared,Natural,qwen 14b (2.5),small_balanced_2v2,0,session_cps_20260521,399,NA,0,0.10483014862,1005.14129567,72,2,942,2.12314225053,423.566878981,199.5,0,NA,Battery-TA-RWARE/results/battery/shared/natural/session_cps_20260521/qwen2.5_14b/small_balanced_2v2/language/summary.json
Battery,Shared,Natural,qwen 14b (2.5),small_agv_heavy_4v2,0,session_cps_20260521,1801,NA,0,0.0573166826769,4848.58894753,41,9,1041,8.64553314121,1730.06724304,200.111111111,0,NA,Battery-TA-RWARE/results/battery/shared/natural/session_cps_20260521/qwen2.5_14b/small_agv_heavy_4v2/language/summary.json
Battery,Shared,Natural,qwen 14b (2.5),medium_balanced_4v4,0,session_cps_20260521,1362,NA,0,0.148612593383,4947.01760244,49,5,937,5.33617929562,1453.57524013,272.4,0,NA,Battery-TA-RWARE/results/battery/shared/natural/session_cps_20260521/qwen2.5_14b/medium_balanced_4v4/language/summary.json
Battery,Shared,Natural,qwen 14b (2.5),medium_agv_heavy_6v2,0,session_cps_20260521,614,NA,0,0.06852248394,2319.5971036,32,5,934,5.35331905782,657.3875803,122.8,0,NA,Battery-TA-RWARE/results/battery/shared/natural/session_cps_20260521/qwen2.5_14b/medium_agv_heavy_6v2/language/summary.json
Battery + Shelf,Centralized,Json,llama 1b (3.2),tiny_balanced_1v1,0,session_cps_20260618,260,34,0,0,972.804250002,,0,500,0,520,,0,0.130769230769,Battery-TA-RWARE/results/shelf/centralized/json/session_cps_20260618/llama3.2_1b/tiny_balanced_1v1/json/summary.json
Battery + Shelf,Centralized,Json,llama 1b (3.2),small_picker_heavy_2v4,0,session_cps_20260618,491,0,0,0,2639.14088011,,0,500,0,982,,0,0,Battery-TA-RWARE/results/shelf/centralized/json/session_cps_20260618/llama3.2_1b/small_picker_heavy_2v4/json/summary.json
Battery + Shelf,Centralized,Json,llama 1b (3.2),small_balanced_2v2,0,session_cps_20260618,298,76,204,0,909.102766991,,0,500,0,596,,0.684563758389,0.255033557047,Battery-TA-RWARE/results/shelf/centralized/json/session_cps_20260618/llama3.2_1b/small_balanced_2v2/json/summary.json
Battery + Shelf,Centralized,Json,llama 1b (3.2),small_agv_heavy_4v2,0,session_cps_20260618,405,88,140,0.00133333333333,1528.05666876,,0,500,0,810,,0.345679012346,0.217283950617,Battery-TA-RWARE/results/shelf/centralized/json/session_cps_20260618/llama3.2_1b/small_agv_heavy_4v2/json/summary.json
Battery + Shelf,Centralized,Json,llama 1b (3.2),medium_balanced_4v4,0,session_cps_20260618,300,26,71,0.0115,1671.70819473,,0,500,0,600,,0.236666666667,0.0866666666667,Battery-TA-RWARE/results/shelf/centralized/json/session_cps_20260618/llama3.2_1b/medium_balanced_4v4/json/summary.json
Battery + Shelf,Centralized,Json,llama 1b (3.2),medium_agv_heavy_6v2,0,session_cps_20260618,368,91,185,0.0375,1750.29891968,,0,500,0,736,,0.502717391304,0.247282608696,Battery-TA-RWARE/results/shelf/centralized/json/session_cps_20260618/llama3.2_1b/medium_agv_heavy_6v2/json/summary.json
Battery + Shelf,Centralized,Json,llama 3b (3.2),tiny_balanced_1v1,0,session_cps_20260618,146,0,0,0.117,663.840190649,,0,500,0,292,,0,0,Battery-TA-RWARE/results/shelf/centralized/json/session_cps_20260618/llama3.2_3b/tiny_balanced_1v1/json/summary.json
Battery + Shelf,Centralized,Json,llama 3b (3.2),small_picker_heavy_2v4,0,session_cps_20260618,1282,7,505,0.181555555556,10783.7704554,161,5,1500,3.33333333333,854.666666667,256.4,0.39391575663,0.00546021840874,Battery-TA-RWARE/results/shelf/centralized/json/session_cps_20260618/llama3.2_3b/small_picker_heavy_2v4/json/summary.json
Battery + Shelf,Centralized,Json,llama 3b (3.2),small_balanced_2v2,0,session_cps_20260618,349,0,56,0.1235,2160.85673261,,0,500,0,698,,0.160458452722,0,Battery-TA-RWARE/results/shelf/centralized/json/session_cps_20260618/llama3.2_3b/small_balanced_2v2/json/summary.json
Battery + Shelf,Centralized,Json,llama 3b (3.2),small_agv_heavy_4v2,0,session_cps_20260618,384,2,114,0.155333333333,2813.36717176,,0,500,0,768,,0.296875,0.00520833333333,Battery-TA-RWARE/results/shelf/centralized/json/session_cps_20260618/llama3.2_3b/small_agv_heavy_4v2/json/summary.json
Battery + Shelf,Centralized,Json,llama 3b (3.2),medium_balanced_4v4,0,session_cps_20260618,976,7,271,0.174165120594,11447.6114104,108,4,1078,3.71057513915,905.380333952,244,0.277663934426,0.00717213114754,Battery-TA-RWARE/results/shelf/centralized/json/session_cps_20260618/llama3.2_3b/medium_balanced_4v4/json/summary.json
Battery + Shelf,Centralized,Json,llama 3b (3.2),medium_agv_heavy_6v2,0,session_cps_20260618,616,0,215,0.16087962963,5278.67874432,256,1,756,1.32275132275,814.814814815,616,0.349025974026,0,Battery-TA-RWARE/results/shelf/centralized/json/session_cps_20260618/llama3.2_3b/medium_agv_heavy_6v2/json/summary.json
Battery + Shelf,Centralized,Json,mistral 7b,tiny_balanced_1v1,0,session_cps_20260618,775,2,1,0.15811965812,2066.1480422,54,9,1989,4.52488687783,389.643036702,86.1111111111,0.00129032258065,0.00258064516129,Battery-TA-RWARE/results/shelf/centralized/json/session_cps_20260618/mistral_7b/tiny_balanced_1v1/json/summary.json
Battery + Shelf,Centralized,Json,mistral 7b,small_picker_heavy_2v4,0,session_cps_20260618,2585,1,25,0.205268389662,12036.8783948,71,15,3018,4.97017892644,856.527501657,172.333333333,0.00967117988395,0.000386847195358,Battery-TA-RWARE/results/shelf/centralized/json/session_cps_20260618/mistral_7b/small_picker_heavy_2v4/json/summary.json
Battery + Shelf,Centralized,Json,mistral 7b,small_balanced_2v2,0,session_cps_20260618,172,0,0,0.102,509.600653887,,0,500,0,344,,0,0,Battery-TA-RWARE/results/shelf/centralized/json/session_cps_20260618/mistral_7b/small_balanced_2v2/json/summary.json
Battery + Shelf,Centralized,Json,mistral 7b,small_agv_heavy_4v2,0,session_cps_20260618,1463,0,5,0.103741496599,5583.53348255,38,16,2254,7.09849157054,649.068322981,91.4375,0.00341763499658,0,Battery-TA-RWARE/results/shelf/centralized/json/session_cps_20260618/mistral_7b/small_agv_heavy_4v2/json/summary.json
Battery + Shelf,Centralized,Json,mistral 7b,medium_balanced_4v4,0,session_cps_20260618,1295,3,24,0.164343683839,8965.84096479,52,8,1417,5.64573041637,913.90261115,161.875,0.0185328185328,0.0023166023166,Battery-TA-RWARE/results/shelf/centralized/json/session_cps_20260618/mistral_7b/medium_balanced_4v4/json/summary.json
Battery + Shelf,Centralized,Json,mistral 7b,medium_agv_heavy_6v2,0,session_cps_20260618,1758,1,24,0.0853302456706,8247.30260348,30,14,2483,5.63834071687,708.01449859,125.571428571,0.0136518771331,0.000568828213879,Battery-TA-RWARE/results/shelf/centralized/json/session_cps_20260618/mistral_7b/medium_agv_heavy_6v2/json/summary.json
Battery + Shelf,Centralized,Natural,llama 1b (3.2),tiny_balanced_1v1,0,session_cps_20260617,417,NA,2,0.019,1054.63310146,,0,500,0,834,,0.00479616306954,NA,Battery-TA-RWARE/results/shelf/centralized/natural/session_cps_20260617/llama3.2_1b/tiny_balanced_1v1/language/summary.json
Battery + Shelf,Centralized,Natural,llama 1b (3.2),small_picker_heavy_2v4,0,session_cps_20260617,424,NA,329,0.178,674.462373257,,0,500,0,848,,0.775943396226,NA,Battery-TA-RWARE/results/shelf/centralized/natural/session_cps_20260617/llama3.2_1b/small_picker_heavy_2v4/language/summary.json
Battery + Shelf,Centralized,Natural,llama 1b (3.2),small_balanced_2v2,0,session_cps_20260617,358,NA,254,0.0845,493.936107159,,0,500,0,716,,0.709497206704,NA,Battery-TA-RWARE/results/shelf/centralized/natural/session_cps_20260617/llama3.2_1b/small_balanced_2v2/language/summary.json
Battery + Shelf,Centralized,Natural,llama 1b (3.2),small_agv_heavy_4v2,0,session_cps_20260617,409,NA,268,0.126333333333,631.144761324,,0,500,0,818,,0.655256723716,NA,Battery-TA-RWARE/results/shelf/centralized/natural/session_cps_20260617/llama3.2_1b/small_agv_heavy_4v2/language/summary.json
Battery + Shelf,Centralized,Natural,llama 1b (3.2),medium_balanced_4v4,0,session_cps_20260617,689,NA,548,0.182391008174,1301.84705496,234,1,734,1.36239782016,938.692098093,689,0.795355587808,NA,Battery-TA-RWARE/results/shelf/centralized/natural/session_cps_20260617/llama3.2_1b/medium_balanced_4v4/language/summary.json
Battery + Shelf,Centralized,Natural,llama 1b (3.2),medium_agv_heavy_6v2,0,session_cps_20260617,422,NA,289,0.06775,740.495167494,,0,500,0,844,,0.684834123223,NA,Battery-TA-RWARE/results/shelf/centralized/natural/session_cps_20260617/llama3.2_1b/medium_agv_heavy_6v2/language/summary.json
Battery + Shelf,Centralized,Natural,llama 3b (3.2),tiny_balanced_1v1,0,session_cps_20260617,295,NA,21,0.182,1943.90173554,,0,500,0,590,,0.071186440678,NA,Battery-TA-RWARE/results/shelf/centralized/natural/session_cps_20260617/llama3.2_3b/tiny_balanced_1v1/language/summary.json
Battery + Shelf,Centralized,Natural,llama 3b (3.2),small_picker_heavy_2v4,0,session_cps_20260617,445,NA,475,0.351666666667,3837.24883842,,0,500,0,890,,1.06741573034,NA,Battery-TA-RWARE/results/shelf/centralized/natural/session_cps_20260617/llama3.2_3b/small_picker_heavy_2v4/language/summary.json
Battery + Shelf,Centralized,Natural,llama 3b (3.2),small_balanced_2v2,0,session_cps_20260617,271,NA,56,0.129,1654.15617371,,0,500,0,542,,0.206642066421,NA,Battery-TA-RWARE/results/shelf/centralized/natural/session_cps_20260617/llama3.2_3b/small_balanced_2v2/language/summary.json
Battery + Shelf,Centralized,Natural,llama 3b (3.2),small_agv_heavy_4v2,0,session_cps_20260617,1758,NA,671,0.147723869422,11450.0588758,164,20,2226,8.98472596586,789.757412399,87.9,0.381683731513,NA,Battery-TA-RWARE/results/shelf/centralized/natural/session_cps_20260617/llama3.2_3b/small_agv_heavy_4v2/language/summary.json
Battery + Shelf,Centralized,Natural,llama 3b (3.2),medium_balanced_4v4,0,session_cps_20260617,1989,NA,1437,0.174899598394,15927.1483929,109,20,2490,8.03212851406,798.795180723,99.45,0.722473604827,NA,Battery-TA-RWARE/results/shelf/centralized/natural/session_cps_20260617/llama3.2_3b/medium_balanced_4v4/language/summary.json
Battery + Shelf,Centralized,Natural,llama 3b (3.2),medium_agv_heavy_6v2,0,session_cps_20260617,1299,NA,405,0.104016940452,8700.79621458,32,20,1948,10.2669404517,666.837782341,64.95,0.311778290993,NA,Battery-TA-RWARE/results/shelf/centralized/natural/session_cps_20260617/llama3.2_3b/medium_agv_heavy_6v2/language/summary.json
Battery + Shelf,Centralized,Natural,mistral 7b,tiny_balanced_1v1,0,session_cps_20260617,1706,NA,512,0.202559576346,4942.2343173,326,11,3399,3.23624595469,501.912327155,155.090909091,0.300117233294,NA,Battery-TA-RWARE/results/shelf/centralized/natural/session_cps_20260617/mistral_7b/tiny_balanced_1v1/language/summary.json
Battery + Shelf,Centralized,Natural,mistral 7b,small_picker_heavy_2v4,0,session_cps_20260617,1652,NA,1229,0.275925925926,8512.42551255,84,7,1890,3.7037037037,874.074074074,236,0.743946731235,NA,Battery-TA-RWARE/results/shelf/centralized/natural/session_cps_20260617/mistral_7b/small_picker_heavy_2v4/language/summary.json
Battery + Shelf,Centralized,Natural,mistral 7b,small_balanced_2v2,0,session_cps_20260617,829,NA,639,0.200256191289,2931.73224783,91,4,1171,3.41588385995,707.941929974,207.25,0.770808202654,NA,Battery-TA-RWARE/results/shelf/centralized/natural/session_cps_20260617/mistral_7b/small_balanced_2v2/language/summary.json
Battery + Shelf,Centralized,Natural,mistral 7b,small_agv_heavy_4v2,0,session_cps_20260617,693,NA,371,0.134443541836,2874.89664555,58,7,1231,5.68643379366,562.956945573,99,0.535353535354,NA,Battery-TA-RWARE/results/shelf/centralized/natural/session_cps_20260617/mistral_7b/small_agv_heavy_4v2/language/summary.json
Battery + Shelf,Centralized,Natural,mistral 7b,medium_balanced_4v4,0,session_cps_20260617,1205,NA,779,0.202822311289,6418.67001748,169,7,1497,4.67601870407,804.943219773,172.142857143,0.646473029046,NA,Battery-TA-RWARE/results/shelf/centralized/natural/session_cps_20260617/mistral_7b/medium_balanced_4v4/language/summary.json
Battery + Shelf,Centralized,Natural,mistral 7b,medium_agv_heavy_6v2,0,session_cps_20260617,1232,NA,775,0.0975529100529,5538.48381305,65,13,2268,5.73192239859,543.209876543,94.7692307692,0.629058441558,NA,Battery-TA-RWARE/results/shelf/centralized/natural/session_cps_20260617/mistral_7b/medium_agv_heavy_6v2/language/summary.json
Battery + Shelf,Shared,Json,llama 1b (3.2),tiny_balanced_1v1,0,session_cps_20260618,592,0,0,0.00505902192243,632.258664131,93,1,593,1.68634064081,998.313659359,592,0,0,Battery-TA-RWARE/results/shelf/shared_context/json/session_cps_20260618/llama3.2_1b/tiny_balanced_1v1/json/summary.json
Battery + Shelf,Shared,Json,llama 1b (3.2),small_picker_heavy_2v4,0,session_cps_20260618,1954,0,0,0.0727757277573,2588.83282638,23,3,813,3.69003690037,2403.44403444,651.333333333,0,0,Battery-TA-RWARE/results/shelf/shared_context/json/session_cps_20260618/llama3.2_1b/small_picker_heavy_2v4/json/summary.json
Battery + Shelf,Shared,Json,llama 1b (3.2),small_balanced_2v2,0,session_cps_20260618,1312,0,0,0.0213709677419,1683.77764773,46,3,620,4.83870967742,2116.12903226,437.333333333,0,0,Battery-TA-RWARE/results/shelf/shared_context/json/session_cps_20260618/llama3.2_1b/small_balanced_2v2/json/summary.json
Battery + Shelf,Shared,Json,llama 1b (3.2),small_agv_heavy_4v2,0,session_cps_20260618,3646,0,0,0.0383432212701,4254.4590168,24,5,1517,3.29597890574,2403.42781806,729.2,0,0,Battery-TA-RWARE/results/shelf/shared_context/json/session_cps_20260618/llama3.2_1b/small_agv_heavy_4v2/json/summary.json
Battery + Shelf,Shared,Json,llama 1b (3.2),medium_balanced_4v4,0,session_cps_20260618,1333,0,0,0.00710702341137,2037.28613877,66,3,598,5.01672240803,2229.09698997,444.333333333,0,0,Battery-TA-RWARE/results/shelf/shared_context/json/session_cps_20260618/llama3.2_1b/medium_balanced_4v4/json/summary.json
Battery + Shelf,Shared,Json,llama 1b (3.2),medium_agv_heavy_6v2,0,session_cps_20260618,2341,0,0,0.00357142857143,3449.40560937,29,3,595,5.04201680672,3934.45378151,780.333333333,0,0,Battery-TA-RWARE/results/shelf/shared_context/json/session_cps_20260618/llama3.2_1b/medium_agv_heavy_6v2/json/summary.json
Battery + Shelf,Shared,Json,llama 3b (3.2),tiny_balanced_1v1,0,session_cps_20260618,329,0,0,0.11452991453,1031.5107913,35,2,585,3.4188034188,562.393162393,164.5,0,0,Battery-TA-RWARE/results/shelf/shared_context/json/session_cps_20260618/llama3.2_3b/tiny_balanced_1v1/json/summary.json
Battery + Shelf,Shared,Json,llama 3b (3.2),small_picker_heavy_2v4,0,session_cps_20260618,6167,0,0,0.16881136212,21981.7029741,34,17,3497,4.86130969402,1763.51158136,362.764705882,0,0,Battery-TA-RWARE/results/shelf/shared_context/json/session_cps_20260618/llama3.2_3b/small_picker_heavy_2v4/json/summary.json
Battery + Shelf,Shared,Json,llama 3b (3.2),small_balanced_2v2,0,session_cps_20260618,426,0,0,0.0885689354276,1495.95685792,39,2,573,3.49040139616,743.455497382,213,0,0,Battery-TA-RWARE/results/shelf/shared_context/json/session_cps_20260618/llama3.2_3b/small_balanced_2v2/json/summary.json
Battery + Shelf,Shared,Json,llama 3b (3.2),small_agv_heavy_4v2,0,session_cps_20260618,3161,0,0,0.111579088113,11940.8189375,58,10,2493,4.01123144805,1267.95026073,316.1,0,0,Battery-TA-RWARE/results/shelf/shared_context/json/session_cps_20260618/llama3.2_3b/small_agv_heavy_4v2/json/summary.json
Battery + Shelf,Shared,Json,llama 3b (3.2),medium_balanced_4v4,0,session_cps_20260618,2717,0,0,0.146179039301,12210.8362787,46,7,1145,6.1135371179,2372.92576419,388.142857143,0,0,Battery-TA-RWARE/results/shelf/shared_context/json/session_cps_20260618/llama3.2_3b/medium_balanced_4v4/json/summary.json
Battery + Shelf,Shared,Json,llama 3b (3.2),medium_agv_heavy_6v2,0,session_cps_20260618,848,0,0,0.0644003378378,4176.18474245,40,3,592,5.06756756757,1432.43243243,282.666666667,0,0,Battery-TA-RWARE/results/shelf/shared_context/json/session_cps_20260618/llama3.2_3b/medium_agv_heavy_6v2/json/summary.json
Battery + Shelf,Shared,Json,mistral 7b,tiny_balanced_1v1,0,session_cps_20260618,243,0,1,0.0758426966292,428.785202265,34,1,534,1.87265917603,455.056179775,243,0.00411522633745,0,Battery-TA-RWARE/results/shelf/shared_context/json/session_cps_20260618/mistral_7b/tiny_balanced_1v1/json/summary.json
Battery + Shelf,Shared,Json,mistral 7b,small_picker_heavy_2v4,0,session_cps_20260618,2166,0,28,0.446808510638,4310.32383299,24,4,705,5.67375886525,3072.34042553,541.5,0.0129270544783,0,Battery-TA-RWARE/results/shelf/shared_context/json/session_cps_20260618/mistral_7b/small_picker_heavy_2v4/json/summary.json
Battery + Shelf,Shared,Json,mistral 7b,small_balanced_2v2,0,session_cps_20260618,139,0,0,0.094,330.54473424,,0,500,0,278,,0,0,Battery-TA-RWARE/results/shelf/shared_context/json/session_cps_20260618/mistral_7b/small_balanced_2v2/json/summary.json
Battery + Shelf,Shared,Json,mistral 7b,small_agv_heavy_4v2,0,session_cps_20260618,990,0,0,0.146756978654,2773.81998849,41,6,812,7.38916256158,1219.21182266,165,0,0,Battery-TA-RWARE/results/shelf/shared_context/json/session_cps_20260618/mistral_7b/small_agv_heavy_4v2/json/summary.json
Battery + Shelf,Shared,Json,mistral 7b,medium_balanced_4v4,0,session_cps_20260618,1224,0,7,0.123210023866,4329.18594337,46,7,838,8.35322195704,1460.62052506,174.857142857,0.00571895424837,0,Battery-TA-RWARE/results/shelf/shared_context/json/session_cps_20260618/mistral_7b/medium_balanced_4v4/json/summary.json
Battery + Shelf,Shared,Json,mistral 7b,medium_agv_heavy_6v2,0,session_cps_20260618,608,0,3,0.0756622516556,2338.45288014,39,5,755,6.62251655629,805.298013245,121.6,0.00493421052632,0,Battery-TA-RWARE/results/shelf/shared_context/json/session_cps_20260618/mistral_7b/medium_agv_heavy_6v2/json/summary.json
Battery + Shelf,Shared,Json,gemma 12b,tiny_balanced_1v1,0,session_cps_20260618,1687,0,0,0.0843220338983,5413.00906515,35,6,1180,5.08474576271,1429.66101695,281.166666667,0,0,Battery-TA-RWARE/results/shelf/shared_context/json/session_cps_20260618/gemma3_12b/tiny_balanced_1v1/json/summary.json
Battery + Shelf,Shared,Json,gemma 12b,small_picker_heavy_2v4,0,session_cps_20260618,2021,0,0,0.322333333333,6094.14487839,,0,500,0,4042,,0,0,Battery-TA-RWARE/results/shelf/shared_context/json/session_cps_20260618/gemma3_12b/small_picker_heavy_2v4/json/summary.json
Battery + Shelf,Shared,Json,gemma 12b,small_balanced_2v2,0,session_cps_20260618,289,0,0,0.107200647249,1063.37766528,118,1,618,1.61812297735,467.637540453,289,0,0,Battery-TA-RWARE/results/shelf/shared_context/json/session_cps_20260618/gemma3_12b/small_balanced_2v2/json/summary.json
Battery + Shelf,Shared,Json,gemma 12b,small_agv_heavy_4v2,0,session_cps_20260618,1364,0,0,0.108704372242,5299.08529639,84,6,831,7.2202166065,1641.39590854,227.333333333,0,0,Battery-TA-RWARE/results/shelf/shared_context/json/session_cps_20260618/gemma3_12b/small_agv_heavy_4v2/json/summary.json
Battery + Shelf,Shared,Json,gemma 12b,medium_balanced_4v4,0,session_cps_20260618,4953,0,0,0.136752136752,19239.3200991,168,2,1053,1.89933523267,4703.7037037,2476.5,0,0,Battery-TA-RWARE/results/shelf/shared_context/json/session_cps_20260618/gemma3_12b/medium_balanced_4v4/json/summary.json
Battery + Shelf,Shared,Json,gemma 12b,medium_agv_heavy_6v2,0,session_cps_20260618,2812,0,0,0.162275064267,10330.5377862,278,1,778,1.2853470437,3614.39588689,2812,0,0,Battery-TA-RWARE/results/shelf/shared_context/json/session_cps_20260618/gemma3_12b/medium_agv_heavy_6v2/json/summary.json
Battery + Shelf,Shared,Natural,llama 1b (3.2),tiny_balanced_1v1,0,session_cps_20260618,519,NA,0,0.497237569061,203.707727909,61,3,724,4.14364640884,716.850828729,173,0,NA,Battery-TA-RWARE/results/shelf/shared_context/natural/session_cps_20260618/llama3.2_1b/tiny_balanced_1v1/language/summary.json
Battery + Shelf,Shared,Natural,llama 1b (3.2),small_picker_heavy_2v4,0,session_cps_20260618,1501,NA,0,0.588333333333,780.616829634,92,2,600,3.33333333333,2501.66666667,750.5,0,NA,Battery-TA-RWARE/results/shelf/shared_context/natural/session_cps_20260618/llama3.2_1b/small_picker_heavy_2v4/language/summary.json
Battery + Shelf,Shared,Natural,llama 1b (3.2),small_balanced_2v2,0,session_cps_20260618,302,NA,0,0.0985,239.098882914,,0,500,0,604,,0,NA,Battery-TA-RWARE/results/shelf/shared_context/natural/session_cps_20260618/llama3.2_1b/small_balanced_2v2/language/summary.json
Battery + Shelf,Shared,Natural,llama 1b (3.2),small_agv_heavy_4v2,0,session_cps_20260618,1193,NA,0,0.164307381193,829.058491945,75,8,989,8.08897876643,1206.26895854,149.125,0,NA,Battery-TA-RWARE/results/shelf/shared_context/natural/session_cps_20260618/llama3.2_1b/small_agv_heavy_4v2/language/summary.json
Battery + Shelf,Shared,Natural,llama 1b (3.2),medium_balanced_4v4,0,session_cps_20260618,2183,NA,0,0.0174278846154,4342.59477544,42,8,832,9.61538461538,2623.79807692,272.875,0,NA,Battery-TA-RWARE/results/shelf/shared_context/natural/session_cps_20260618/llama3.2_1b/medium_balanced_4v4/language/summary.json
Battery + Shelf,Shared,Natural,llama 1b (3.2),medium_agv_heavy_6v2,0,session_cps_20260618,2724,NA,0,0.241071428571,2852.63138485,75,9,910,9.89010989011,2993.40659341,302.666666667,0,NA,Battery-TA-RWARE/results/shelf/shared_context/natural/session_cps_20260618/llama3.2_1b/medium_agv_heavy_6v2/language/summary.json
Battery + Shelf,Shared,Natural,llama 3b (3.2),tiny_balanced_1v1,0,session_cps_20260618,608,NA,0,0.14691943128,949.754647255,37,2,633,3.15955766193,960.505529226,304,0,NA,Battery-TA-RWARE/results/shelf/shared_context/natural/session_cps_20260618/llama3.2_3b/tiny_balanced_1v1/language/summary.json
Battery + Shelf,Shared,Natural,llama 3b (3.2),small_picker_heavy_2v4,0,session_cps_20260618,5124,NA,0,0.15605875153,10955.8553982,213,18,2451,7.34394124847,2090.5752754,284.666666667,0,NA,Battery-TA-RWARE/results/shelf/shared_context/natural/session_cps_20260618/llama3.2_3b/small_picker_heavy_2v4/language/summary.json
Battery + Shelf,Shared,Natural,llama 3b (3.2),small_balanced_2v2,0,session_cps_20260618,3149,NA,0,0.183110367893,6082.92866135,70,18,2691,6.6889632107,1170.19695281,174.944444444,0,NA,Battery-TA-RWARE/results/shelf/shared_context/natural/session_cps_20260618/llama3.2_3b/small_balanced_2v2/language/summary.json
Battery + Shelf,Shared,Natural,llama 3b (3.2),small_agv_heavy_4v2,0,session_cps_20260618,2361,NA,0,0.136778563015,5052.74680114,31,20,1132,17.667844523,2085.68904594,118.05,0,NA,Battery-TA-RWARE/results/shelf/shared_context/natural/session_cps_20260618/llama3.2_3b/small_agv_heavy_4v2/language/summary.json
Battery + Shelf,Shared,Natural,llama 3b (3.2),medium_balanced_4v4,0,session_cps_20260618,4317,NA,0,0.144495412844,12397.2960868,113,20,1526,13.1061598952,2828.96461337,215.85,0,NA,Battery-TA-RWARE/results/shelf/shared_context/natural/session_cps_20260618/llama3.2_3b/medium_balanced_4v4/language/summary.json
Battery + Shelf,Shared,Natural,llama 3b (3.2),medium_agv_heavy_6v2,0,session_cps_20260618,2767,NA,0,0.0968804920914,7524.4405458,45,20,1138,17.5746924429,2431.45869947,138.35,0,NA,Battery-TA-RWARE/results/shelf/shared_context/natural/session_cps_20260618/llama3.2_3b/medium_agv_heavy_6v2/language/summary.json
Battery + Shelf,Shared,Natural,mistral 7b,tiny_balanced_1v1,0,session_cps_20260618,795,NA,349,0.355354659249,27629.124218,40,3,719,4.17246175243,1105.70236439,265,0.438993710692,NA,Battery-TA-RWARE/results/shelf/shared_context/natural/session_cps_20260618/mistral_7b/tiny_balanced_1v1/language/summary.json
Battery + Shelf,Shared,Natural,gemma 12b,tiny_balanced_1v1,0,session_cps_20260618,1199,NA,0,0.117952928298,2818.30163956,35,15,1827,8.21018062397,656.267104543,79.9333333333,0,NA,Battery-TA-RWARE/results/shelf/shared_context/natural/session_cps_20260618/gemma3_12b/tiny_balanced_1v1/language/summary.json
Battery + Shelf,Shared,Natural,gemma 12b,small_picker_heavy_2v4,0,session_cps_20260618,877,NA,0,0.141836370132,2695.13920021,24,6,933,6.4308681672,939.978563773,146.166666667,0,NA,Battery-TA-RWARE/results/shelf/shared_context/natural/session_cps_20260618/gemma3_12b/small_picker_heavy_2v4/language/summary.json
Battery + Shelf,Shared,Natural,gemma 12b,small_balanced_2v2,0,session_cps_20260618,133,NA,0,0.1,386.740194321,,0,500,0,266,,0,NA,Battery-TA-RWARE/results/shelf/shared_context/natural/session_cps_20260618/gemma3_12b/small_balanced_2v2/language/summary.json
Battery + Shelf,Shared,Natural,gemma 12b,small_agv_heavy_4v2,0,session_cps_20260618,1618,NA,0,0.0850195243166,5263.19397974,41,14,1878,7.45473908413,861.55484558,115.571428571,0,NA,Battery-TA-RWARE/results/shelf/shared_context/natural/session_cps_20260618/gemma3_12b/small_agv_heavy_4v2/language/summary.json
Battery + Shelf,Shared,Natural,gemma 12b,medium_balanced_4v4,0,session_cps_20260618,901,NA,0,0.116264559068,3626.49573016,46,4,601,6.65557404326,1499.16805324,225.25,0,NA,Battery-TA-RWARE/results/shelf/shared_context/natural/session_cps_20260618/gemma3_12b/medium_balanced_4v4/language/summary.json
Battery + Shelf,Shared,Natural,gemma 12b,medium_agv_heavy_6v2,0,session_cps_20260618,1285,NA,0,0.104935194417,4537.12320924,40,9,1003,8.97308075773,1281.15653041,142.777777778,0,NA,Battery-TA-RWARE/results/shelf/shared_context/natural/session_cps_20260618/gemma3_12b/medium_agv_heavy_6v2/language/summary.json
